2014/11/13,247.24922064722003,248.24922064722003,247.24922064722003,247.74922064722003,1155401
2014/11/14,247.24922064722003,248.24922064722003,247.24922064722003,247.74922064722003,1155401
2014/11/15,247.24922064722003,248.24922064722003,247.24922064722003,247.74922064722003,1155401
2014/11/16,247.24922064722003,248.24922064722003,247.24922064722003,247.74922064722003,1155401
2014/11/17,247.24922064722003,248.24922064722003,247.24922064722003,247.74922064722003,1155401
2014/11/18,247.24922064722003,248.24922064722003,247.24922064722003,247.74922064722003,1155401
2014/11/19,247.24922064722003,248.24922064722003,247.24922064722003,247.74922064722003,1155401
2014/11/20,247.24922064722003,248.24922064722003,247.24922064722003,247.74922064722003,1155401
2014/11/21,247.24922064722003,248.24922064722003,247.24922064722003,247.74922064722003,1155401
2014/11/22,217.82923465759217,217.82923465759217,216.82923465759217,217.32923465759217,139599
2014/11/23,217.82923465759217,217.82923465759217,216.82923465759217,217.32923465759217,139599
2014/11/24,217.82923465759217,217.82923465759217,216.82923465759217,217.32923465759217,139599
2014/11/25,217.82923465759217,217.82923465759217,216.82923465759217,217.32923465759217,139599
2014/11/26,223.63569250795788,223.63569250795788,222.63569250795788,223.13569250795788,188599
2014/11/27,227.73294035002687,227.73294035002687,226.73294035002687,227.23294035002687,238599
2014/11/28,232.11886243360092,232.11886243360092,231.11886243360092,231.61886243360092,310599
2014/11/29,232.11886243360092,232.11886243360092,231.11886243360092,231.61886243360092,310599
2014/11/30,232.11886243360092,232.11886243360092,231.11886243360092,231.61886243360092,310599
2014/12/01,232.11886243360092,232.11886243360092,231.11886243360092,231.61886243360092,310599
2014/12/02,232.11886243360092,232.11886243360092,231.11886243360092,231.61886243360092,310599
2014/12/03,232.11886243360092,232.11886243360092,231.11886243360092,231.61886243360092,310599
2014/12/04,232.11886243360092,232.11886243360092,231.11886243360092,231.61886243360092,310599
2014/12/05,232.11886243360092,232.11886243360092,231.11886243360092,231.61886243360092,310599
2014/12/06,232.11886243360092,232.11886243360092,231.11886243360092,231.61886243360092,310599
2014/12/07,232.11886243360092,232.11886243360092,231.11886243360092,231.61886243360092,310599
2014/12/08,232.11886243360092,232.11886243360092,231.11886243360092,231.61886243360092,310599
2014/12/09,232.11886243360092,232.11886243360092,231.11886243360092,231.61886243360092,310599
2014/12/10,232.11886243360092,232.11886243360092,231.11886243360092,231.61886243360092,310599
2014/12/11,232.11886243360092,232.11886243360092,231.11886243360092,231.61886243360092,310599
2014/12/12,236.38746590346682,236.38746590346682,235.38746590346682,235.88746590346682,384411
2014/12/13,237.2073469239897,237.2073469239897,236.2073469239897,236.7073469239897,411411
2014/12/14,237.2073469239897,237.2073469239897,236.2073469239897,236.7073469239897,411411
2014/12/15,237.2073469239897,237.2073469239897,236.2073469239897,236.7073469239897,411411
2014/12/16,237.2073469239897,237.2073469239897,236.2073469239897,236.7073469239897,411411
2014/12/17,237.2073469239897,237.2073469239897,236.2073469239897,236.7073469239897,411411
2014/12/18,239.82684417120018,239.82684417120018,238.82684417120018,239.32684417120018,509411
2014/12/19,241.81828651732548,241.81828651732548,240.81828651732548,241.31828651732548,599501
2014/12/20,241.64902879455306,241.64902879455306,240.64902879455306,241.14902879455306,597501
2014/12/21,241.64902879455306,241.64902879455306,240.64902879455306,241.14902879455306,597501
2014/12/22,241.64902879455306,241.64902879455306,240.64902879455306,241.14902879455306,597501
2014/12/23,241.64902879455306,241.64902879455306,240.64902879455306,241.14902879455306,597501
2014/12/24,240.43671469139147,240.43671469139147,239.43671469139147,239.93671469139147,552501
2014/12/25,239.43177064098114,239.43177064098114,238.43177064098114,238.93177064098114,498501
2014/12/26,238.3048699375274,238.3048699375274,237.3048699375274,237.8048699375274,419253
2014/12/27,238.3048699375274,238.3048699375274,237.3048699375274,237.8048699375274,419253
2014/12/28,238.3048699375274,238.3048699375274,237.3048699375274,237.8048699375274,419253
2014/12/29,238.3048699375274,238.3048699375274,237.3048699375274,237.8048699375274,419253
2014/12/30,238.3048699375274,238.3048699375274,237.3048699375274,237.8048699375274,419253
2014/12/31,238.3048699375274,238.3048699375274,237.3048699375274,237.8048699375274,419253
2015/01/01,238.3048699375274,238.3048699375274,237.3048699375274,237.8048699375274,419253
2015/01/02,238.3048699375274,238.3048699375274,237.3048699375274,237.8048699375274,419253
2015/01/03,238.3048699375274,238.3048699375274,237.3048699375274,237.8048699375274,419253
2015/01/04,238.3048699375274,238.3048699375274,237.3048699375274,237.8048699375274,419253
2015/01/05,238.3048699375274,238.3048699375274,237.3048699375274,237.8048699375274,419253
2015/01/06,238.3048699375274,238.3048699375274,237.3048699375274,237.8048699375274,419253
2015/01/07,245.95093967159067,245.95093967159067,244.95093967159067,245.45093967159067,326253
2015/01/08,250.6010469719154,250.6010469719154,249.6010469719154,250.1010469719154,307253
2015/01/09,241.405502058076,241.405502058076,240.405502058076,240.905502058076,436253
2015/01/10,241.405502058076,241.405502058076,240.405502058076,240.905502058076,436253
2015/01/11,241.405502058076,241.405502058076,240.405502058076,240.905502058076,436253
2015/01/12,241.405502058076,241.405502058076,240.405502058076,240.905502058076,436253
2015/01/13,241.33520460603634,241.33520460603634,240.33520460603634,240.83520460603634,566253
2015/01/14,241.36329324661506,241.36329324661506,240.36329324661506,240.86329324661506,525211
2015/01/15,241.15888168391893,241.15888168391893,240.15888168391893,240.65888168391893,549211
2015/01/16,241.15888168391893,241.15888168391893,240.15888168391893,240.65888168391893,549211
2015/01/17,241.15888168391893,241.15888168391893,240.15888168391893,240.65888168391893,549211
2015/01/18,241.15888168391893,241.15888168391893,240.15888168391893,240.65888168391893,549211
2015/01/19,241.15888168391893,241.15888168391893,240.15888168391893,240.65888168391893,549211
2015/01/20,241.15888168391893,241.15888168391893,240.15888168391893,240.65888168391893,549211
2015/01/21,241.15888168391893,241.15888168391893,240.15888168391893,240.65888168391893,549211
2015/01/22,241.15888168391893,241.15888168391893,240.15888168391893,240.65888168391893,549211
2015/01/23,241.9146383520974,241.9146383520974,240.9146383520974,241.4146383520974,665211
2015/01/24,241.9146383520974,241.9146383520974,240.9146383520974,241.4146383520974,665211
2015/01/25,241.9146383520974,241.9146383520974,240.9146383520974,241.4146383520974,665211
2015/01/26,241.9146383520974,241.9146383520974,240.9146383520974,241.4146383520974,665211
2015/01/27,241.9146383520974,241.9146383520974,240.9146383520974,241.4146383520974,665211
2015/01/28,241.9146383520974,241.9146383520974,240.9146383520974,241.4146383520974,665211
2015/01/29,241.9146383520974,241.9146383520974,240.9146383520974,241.4146383520974,665211
2015/01/30,241.9146383520974,241.9146383520974,240.9146383520974,241.4146383520974,665211
2015/01/31,241.9146383520974,241.9146383520974,240.9146383520974,241.4146383520974,665211
2015/02/01,241.9146383520974,241.9146383520974,240.9146383520974,241.4146383520974,665211
2015/02/02,241.9146383520974,241.9146383520974,240.9146383520974,241.4146383520974,665211
2015/02/03,241.9146383520974,241.9146383520974,240.9146383520974,241.4146383520974,665211
2015/02/04,241.9146383520974,241.9146383520974,240.9146383520974,241.4146383520974,665211
2015/02/05,241.9146383520974,241.9146383520974,240.9146383520974,241.4146383520974,665211
2015/02/06,241.9146383520974,241.9146383520974,240.9146383520974,241.4146383520974,665211
2015/02/07,241.9146383520974,241.9146383520974,240.9146383520974,241.4146383520974,665211
2015/02/08,241.9146383520974,241.9146383520974,240.9146383520974,241.4146383520974,665211
2015/02/09,241.9146383520974,241.9146383520974,240.9146383520974,241.4146383520974,665211
2015/02/10,241.9146383520974,241.9146383520974,240.9146383520974,241.4146383520974,665211
2015/02/11,241.9146383520974,241.9146383520974,240.9146383520974,241.4146383520974,665211
2015/02/12,241.9146383520974,241.9146383520974,240.9146383520974,241.4146383520974,665211
2015/02/13,241.9146383520974,241.9146383520974,240.9146383520974,241.4146383520974,665211
2015/02/14,241.9146383520974,241.9146383520974,240.9146383520974,241.4146383520974,665211
2015/02/15,241.9146383520974,241.9146383520974,240.9146383520974,241.4146383520974,665211
2015/02/16,241.9146383520974,241.9146383520974,240.9146383520974,241.4146383520974,665211
2015/02/17,241.9146383520974,241.9146383520974,240.9146383520974,241.4146383520974,665211
2015/02/18,241.9146383520974,241.9146383520974,240.9146383520974,241.4146383520974,665211
2015/02/19,241.9146383520974,241.9146383520974,240.9146383520974,241.4146383520974,665211
2015/02/20,241.9146383520974,241.9146383520974,240.9146383520974,241.4146383520974,665211
2015/02/21,241.9146383520974,241.9146383520974,240.9146383520974,241.4146383520974,665211
2015/02/22,241.9146383520974,241.9146383520974,240.9146383520974,241.4146383520974,665211
2015/02/23,241.9146383520974,241.9146383520974,240.9146383520974,241.4146383520974,665211
2015/02/24,241.9146383520974,241.9146383520974,240.9146383520974,241.4146383520974,665211
2015/02/25,241.9146383520974,241.9146383520974,240.9146383520974,241.4146383520974,665211
2015/02/26,241.9146383520974,241.9146383520974,240.9146383520974,241.4146383520974,665211
2015/02/27,241.9146383520974,241.9146383520974,240.9146383520974,241.4146383520974,665211
2015/02/28,241.9146383520974,241.9146383520974,240.9146383520974,241.4146383520974,665211
2015/03/01,241.9146383520974,241.9146383520974,240.9146383520974,241.4146383520974,665211
2015/03/02,241.9146383520974,241.9146383520974,240.9146383520974,241.4146383520974,665211
2015/03/03,241.9146383520974,241.9146383520974,240.9146383520974,241.4146383520974,665211
2015/03/04,241.9146383520974,241.9146383520974,240.9146383520974,241.4146383520974,665211
2015/03/05,241.9146383520974,241.9146383520974,240.9146383520974,241.4146383520974,665211
2015/03/06,244.97085094385756,244.97085094385756,243.97085094385756,244.47085094385756,815211
2015/03/07,244.97085094385756,244.97085094385756,243.97085094385756,244.47085094385756,815211
2015/03/08,244.97085094385756,244.97085094385756,243.97085094385756,244.47085094385756,815211
2015/03/09,244.97085094385756,244.97085094385756,243.97085094385756,244.47085094385756,815211
2015/03/10,244.97085094385756,244.97085094385756,243.97085094385756,244.47085094385756,815211
2015/03/11,244.97085094385756,244.97085094385756,243.97085094385756,244.47085094385756,815211
2015/03/12,244.97085094385756,244.97085094385756,243.97085094385756,244.47085094385756,815211
2015/03/13,245.40605110788917,245.40605110788917,244.40605110788917,244.90605110788917,830099
2015/03/14,245.40605110788917,245.40605110788917,244.40605110788917,244.90605110788917,830099
2015/03/15,245.40605110788917,245.40605110788917,244.40605110788917,244.90605110788917,830099
2015/03/16,245.40605110788917,245.40605110788917,244.40605110788917,244.90605110788917,830099
2015/03/17,245.40605110788917,245.40605110788917,244.40605110788917,244.90605110788917,830099
2015/03/18,245.40605110788917,245.40605110788917,244.40605110788917,244.90605110788917,830099
2015/03/19,245.40605110788917,245.40605110788917,244.40605110788917,244.90605110788917,830099
2015/03/20,245.40605110788917,245.40605110788917,244.40605110788917,244.90605110788917,830099
2015/03/21,246.10131872454235,246.10131872454235,245.10131872454235,245.60131872454235,872099
2015/03/22,246.10131872454235,246.10131872454235,245.10131872454235,245.60131872454235,872099
2015/03/23,246.10131872454235,246.10131872454235,245.10131872454235,245.60131872454235,872099
2015/03/24,243.21449077722306,243.21449077722306,242.21449077722306,242.71449077722306,747099
2015/03/25,243.94254982815355,243.94254982815355,242.94254982815355,243.44254982815355,760099
2015/03/26,248.0858299274347,248.0858299274347,247.0858299274347,247.5858299274347,874099
2015/03/27,248.0858299274347,248.0858299274347,247.0858299274347,247.5858299274347,874099
2015/03/28,248.0858299274347,248.0858299274347,247.0858299274347,247.5858299274347,874099
2015/03/29,248.0858299274347,248.0858299274347,247.0858299274347,247.5858299274347,874099
2015/03/30,248.0858299274347,248.0858299274347,247.0858299274347,247.5858299274347,874099
2015/03/31,248.0858299274347,248.0858299274347,247.0858299274347,247.5858299274347,874099
2015/04/01,248.66038037786848,248.66038037786848,247.66038037786848,248.16038037786848,792099
2015/04/02,249.8857599204076,249.8857599204076,248.8857599204076,249.3857599204076,771099
2015/04/03,251.37942782534665,251.37942782534665,250.37942782534665,250.87942782534665,487175
2015/04/04,251.37942782534665,251.37942782534665,250.37942782534665,250.87942782534665,487175
2015/04/05,251.37942782534665,251.37942782534665,250.37942782534665,250.87942782534665,487175
2015/04/06,251.37942782534665,251.37942782534665,250.37942782534665,250.87942782534665,487175
2015/04/07,251.37942782534665,251.37942782534665,250.37942782534665,250.87942782534665,487175
2015/04/08,254.70191617275884,254.70191617275884,253.70191617275884,254.20191617275884,580175
2015/04/09,255.00456300248177,255.00456300248177,254.00456300248177,254.50456300248177,454175
2015/04/10,255.4878220642343,255.4878220642343,254.4878220642343,254.9878220642343,391175
2015/04/11,255.9990204993113,255.9990204993113,254.9990204993113,255.4990204993113,411175
2015/04/12,255.9990204993113,255.9990204993113,254.9990204993113,255.4990204993113,411175
2015/04/13,255.9990204993113,255.9990204993113,254.9990204993113,255.4990204993113,411175
2015/04/14,256.4852266791876,256.4852266791876,255.48522667918758,255.98522667918758,398175
2015/04/15,258.4611610230437,258.4611610230437,257.4611610230437,257.9611610230437,484175
2015/04/16,259.2236052010884,259.2236052010884,258.2236052010884,258.7236052010884,556175
2015/04/17,259.1786274436669,259.1786274436669,258.1786274436669,258.6786274436669,500175
2015/04/18,259.1454538230651,259.1454538230651,258.1454538230651,258.6454538230651,482175
2015/04/19,259.1454538230651,259.1454538230651,258.1454538230651,258.6454538230651,482175
2015/04/20,259.1454538230651,259.1454538230651,258.1454538230651,258.6454538230651,482175
2015/04/21,259.5478578741983,259.5478578741983,258.5478578741983,259.0478578741983,511175
2015/04/22,259.82284533644696,259.82284533644696,258.82284533644696,259.32284533644696,536175
2015/04/23,259.37444265861757,259.37444265861757,258.37444265861757,258.87444265861757,480175
2015/04/24,261.11844493377646,261.11844493377646,260.11844493377646,260.61844493377646,583175
2015/04/25,261.35563404056927,261.35563404056927,260.35563404056927,260.85563404056927,584175
2015/04/26,261.35563404056927,261.35563404056927,260.35563404056927,260.85563404056927,584175
2015/04/27,261.35563404056927,261.35563404056927,260.35563404056927,260.85563404056927,584175
2015/04/28,262.76828139668254,262.76828139668254,261.76828139668254,262.26828139668254,648175
2015/04/29,262.76828139668254,262.76828139668254,261.76828139668254,262.26828139668254,648175
2015/04/30,262.85847708722935,262.85847708722935,261.85847708722935,262.35847708722935,654175
2015/05/01,263.3644083138399,263.3644083138399,262.3644083138399,262.8644083138399,710175
2015/05/02,263.3644083138399,263.3644083138399,262.3644083138399,262.8644083138399,710175
2015/05/03,263.3644083138399,263.3644083138399,262.3644083138399,262.8644083138399,710175
2015/05/04,263.3644083138399,263.3644083138399,262.3644083138399,262.8644083138399,710175
2015/05/05,263.3644083138399,263.3644083138399,262.3644083138399,262.8644083138399,710175
2015/05/06,263.41803870472506,263.41803870472506,262.41803870472506,262.91803870472506,789175
2015/05/07,263.701074985245,263.701074985245,262.701074985245,263.201074985245,844175
2015/05/08,263.701074985245,263.701074985245,262.701074985245,263.201074985245,844175
2015/05/09,263.335004362269,263.335004362269,262.335004362269,262.835004362269,935175
2015/05/10,263.335004362269,263.335004362269,262.335004362269,262.835004362269,935175
2015/05/11,263.335004362269,263.335004362269,262.335004362269,262.835004362269,935175
2015/05/12,263.21627211855326,263.21627211855326,262.21627211855326,262.71627211855326,931175
2015/05/13,263.21627211855326,263.21627211855326,262.21627211855326,262.71627211855326,931175
2015/05/14,263.1585013371852,263.1585013371852,262.1585013371852,262.6585013371852,941175
2015/05/15,266.19143635894494,266.19143635894494,265.19143635894494,265.69143635894494,1105175
2015/05/16,266.4002177715377,266.4002177715377,265.4002177715377,265.9002177715377,1111312
2015/05/17,266.4002177715377,266.4002177715377,265.4002177715377,265.9002177715377,1111312
2015/05/18,266.4002177715377,266.4002177715377,265.4002177715377,265.9002177715377,1111312
2015/05/19,266.7005474462859,266.7005474462859,265.7005474462859,266.2005474462859,1114312
2015/05/20,266.6968773610466,266.6968773610466,265.6968773610466,266.1968773610466,1092312
2015/05/21,266.6968773610466,266.6968773610466,265.6968773610466,266.1968773610466,1092312
2015/05/22,266.6968773610466,266.6968773610466,265.6968773610466,266.1968773610466,1092312
2015/05/23,267.47185346267827,267.47185346267827,266.47185346267827,266.97185346267827,1202312
2015/05/24,267.47185346267827,267.47185346267827,266.47185346267827,266.97185346267827,1202312
2015/05/25,267.47185346267827,267.47185346267827,266.47185346267827,266.97185346267827,1202312
2015/05/26,267.42811758978814,267.42811758978814,266.42811758978814,266.92811758978814,1243312
2015/05/27,267.42811758978814,267.42811758978814,266.42811758978814,266.92811758978814,1243312
2015/05/28,267.1276683968362,267.1276683968362,266.1276683968362,266.6276683968362,1302312
2015/05/29,267.1276683968362,267.1276683968362,266.1276683968362,266.6276683968362,1302312
2015/05/30,267.1276683968362,267.1276683968362,266.1276683968362,266.6276683968362,1302312
2015/05/31,267.1276683968362,267.1276683968362,266.1276683968362,266.6276683968362,1302312
2015/06/01,267.1276683968362,267.1276683968362,266.1276683968362,266.6276683968362,1302312
2015/06/02,267.09601871202074,267.09601871202074,266.09601871202074,266.59601871202074,1104312
2015/06/03,267.1257137445425,267.1257137445425,266.1257137445425,266.6257137445425,1073312
2015/06/04,267.1297005692486,267.1297005692486,266.1297005692486,266.6297005692486,1068312
2015/06/05,268.10395863598285,268.10395863598285,267.10395863598285,267.60395863598285,1071601
2015/06/06,268.14392376544913,268.14392376544913,267.14392376544913,267.64392376544913,1028601
2015/06/07,268.14392376544913,268.14392376544913,267.14392376544913,267.64392376544913,1028601
2015/06/08,268.14392376544913,268.14392376544913,267.14392376544913,267.64392376544913,1028601
2015/06/09,268.37607192553645,268.37607192553645,267.37607192553645,267.87607192553645,977601
2015/06/10,268.3912127187787,268.3912127187787,267.3912127187787,267.8912127187787,960601
2015/06/11,268.97317180787684,268.97317180787684,267.97317180787684,268.47317180787684,960601
2015/06/12,268.92164476326684,268.92164476326684,267.92164476326684,268.42164476326684,809601
2015/06/13,268.7177042504744,268.7177042504744,267.7177042504744,268.2177042504744,692601
2015/06/14,268.7177042504744,268.7177042504744,267.7177042504744,268.2177042504744,692601
2015/06/15,268.7177042504744,268.7177042504744,267.7177042504744,268.2177042504744,692601
2015/06/16,268.7235221634921,268.7235221634921,267.7235221634921,268.2235221634921,684601
2015/06/17,268.66539639663,268.66539639663,267.66539639663,268.16539639663,662601
2015/06/18,268.64798970818885,268.64798970818885,267.64798970818885,268.14798970818885,623601
2015/06/19,268.75262081905356,268.75262081905356,267.75262081905356,268.25262081905356,602601
2015/06/20,268.75262081905356,268.75262081905356,267.75262081905356,268.25262081905356,602601
2015/06/21,268.75262081905356,268.75262081905356,267.75262081905356,268.25262081905356,602601
2015/06/22,268.75262081905356,268.75262081905356,267.75262081905356,268.25262081905356,602601
2015/06/23,268.75262081905356,268.75262081905356,267.75262081905356,268.25262081905356,602601
2015/06/24,268.8482409548525,268.8482409548525,267.8482409548525,268.3482409548525,525601
2015/06/25,268.9112937154249,268.9112937154249,267.9112937154249,268.4112937154249,437601
2015/06/26,269.7545593500099,269.7545593500099,268.7545593500099,269.2545593500099,427601
2015/06/27,277.671034918834,277.671034918834,276.671034918834,277.171034918834,477601
2015/06/28,277.671034918834,277.671034918834,276.671034918834,277.171034918834,477601
2015/06/29,277.671034918834,277.671034918834,276.671034918834,277.171034918834,477601
2015/06/30,281.9161110209683,281.9161110209683,280.9161110209683,281.4161110209683,490601
2015/07/01,281.9161110209683,281.9161110209683,280.9161110209683,281.4161110209683,490601
2015/07/02,282.1469275603102,282.1469275603102,281.1469275603102,281.6469275603102,452601
2015/07/03,282.4307239773985,282.4307239773985,281.4307239773985,281.9307239773985,409601
2015/07/04,282.7149423280583,282.7149423280583,281.7149423280583,282.2149423280583,351601
2015/07/05,282.7149423280583,282.7149423280583,281.7149423280583,282.2149423280583,351601
2015/07/06,282.7149423280583,282.7149423280583,281.7149423280583,282.2149423280583,351601
2015/07/07,283.1555016042016,283.1555016042016,282.1555016042016,282.6555016042016,317601
2015/07/08,283.81201058436835,283.81201058436835,282.81201058436835,283.31201058436835,287601
2015/07/09,285.26798877839053,285.26798877839053,284.26798877839053,284.76798877839053,340601
2015/07/10,285.5414220401635,285.5414220401635,284.5414220401635,285.0414220401635,329601
2015/07/11,285.5414220401635,285.5414220401635,284.5414220401635,285.0414220401635,329601
2015/07/12,285.5414220401635,285.5414220401635,284.5414220401635,285.0414220401635,329601
2015/07/13,285.5414220401635,285.5414220401635,284.5414220401635,285.0414220401635,329601
2015/07/14,285.5414220401635,285.5414220401635,284.5414220401635,285.0414220401635,329601
2015/07/15,285.5414220401635,285.5414220401635,284.5414220401635,285.0414220401635,329601
2015/07/16,285.5414220401635,285.5414220401635,284.5414220401635,285.0414220401635,329601
2015/07/17,285.5414220401635,285.5414220401635,284.5414220401635,285.0414220401635,329601
2015/07/18,285.5414220401635,285.5414220401635,284.5414220401635,285.0414220401635,329601
2015/07/19,285.5414220401635,285.5414220401635,284.5414220401635,285.0414220401635,329601
2015/07/20,285.5414220401635,285.5414220401635,284.5414220401635,285.0414220401635,329601
2015/07/21,286.5473478237073,286.5473478237073,285.5473478237073,286.0473478237073,299601
2015/07/22,286.5473478237073,286.5473478237073,285.5473478237073,286.0473478237073,299601
2015/07/23,292.16586679007355,292.16586679007355,291.16586679007355,291.66586679007355,360601
2015/07/24,292.116068872885,292.116068872885,291.116068872885,291.616068872885,346601
2015/07/25,295.5362652090704,295.5362652090704,294.5362652090704,295.0362652090704,310601
2015/07/26,295.5362652090704,295.5362652090704,294.5362652090704,295.0362652090704,310601
2015/07/27,295.5362652090704,295.5362652090704,294.5362652090704,295.0362652090704,310601
2015/07/28,294.8778305122771,294.8778305122771,293.8778305122771,294.3778305122771,306601
2015/07/29,294.8778305122771,294.8778305122771,293.8778305122771,294.3778305122771,306601
2015/07/30,294.8778305122771,294.8778305122771,293.8778305122771,294.3778305122771,306601
2015/07/31,298.9177448424595,298.9177448424595,297.9177448424595,298.4177448424595,181601
2015/08/01,298.9177448424595,298.9177448424595,297.9177448424595,298.4177448424595,181601
2015/08/02,298.9177448424595,298.9177448424595,297.9177448424595,298.4177448424595,181601
2015/08/03,298.9177448424595,298.9177448424595,297.9177448424595,298.4177448424595,181601
2015/08/04,298.9177448424595,298.9177448424595,297.9177448424595,298.4177448424595,181601
2015/08/05,298.9177448424595,298.9177448424595,297.9177448424595,298.4177448424595,181601
2015/08/06,298.9177448424595,298.9177448424595,297.9177448424595,298.4177448424595,181601
2015/08/07,287.42003650595825,287.42003650595825,286.42003650595825,286.92003650595825,93601
2015/08/08,287.42003650595825,287.42003650595825,286.42003650595825,286.92003650595825,93601
2015/08/09,287.42003650595825,287.42003650595825,286.42003650595825,286.92003650595825,93601
2015/08/10,287.42003650595825,287.42003650595825,286.42003650595825,286.92003650595825,93601
2015/08/11,287.42003650595825,287.42003650595825,286.42003650595825,286.92003650595825,93601
2015/08/12,296.60608965910154,296.60608965910154,295.60608965910154,296.10608965910154,117601
2015/08/13,302.7879957375598,302.7879957375598,301.7879957375598,302.2879957375598,196601
2015/08/14,310.3580074882056,310.3580074882056,309.3580074882056,309.8580074882056,212601
2015/08/15,312.9312027106208,312.9312027106208,311.9312027106208,312.4312027106208,196265
2015/08/16,312.9312027106208,312.9312027106208,311.9312027106208,312.4312027106208,196265
2015/08/17,312.9312027106208,312.9312027106208,311.9312027106208,312.4312027106208,196265
2015/08/18,316.1314624116965,316.1314624116965,315.1314624116965,315.6314624116965,115265
2015/08/19,316.1314624116965,316.1314624116965,315.1314624116965,315.6314624116965,115265
2015/08/20,316.1314624116965,316.1314624116965,315.1314624116965,315.6314624116965,115265
2015/08/21,296.0,297.0,296.0,296.5,5735
2015/08/22,310.1918341850327,311.1918341850327,310.1918341850327,310.6918341850327,241735
2015/08/23,310.1918341850327,311.1918341850327,310.1918341850327,310.6918341850327,241735
2015/08/24,310.1918341850327,311.1918341850327,310.1918341850327,310.6918341850327,241735
2015/08/25,314.75229605226906,315.75229605226906,314.75229605226906,315.25229605226906,293735
2015/08/26,312.79749125815374,313.79749125815374,312.79749125815374,313.29749125815374,422749
2015/08/27,311.9455243130751,312.9455243130751,311.9455243130751,312.4455243130751,718749
2015/08/28,310.7274453344595,311.7274453344595,310.7274453344595,311.2274453344595,781749
2015/08/29,310.6081094517877,311.6081094517877,310.6081094517877,311.1081094517877,743749
2015/08/30,310.6081094517877,311.6081094517877,310.6081094517877,311.1081094517877,743749
2015/08/31,310.6081094517877,311.6081094517877,310.6081094517877,311.1081094517877,743749
2015/09/01,310.40678662648,311.40678662648,310.40678662648,310.90678662648,678749
2015/09/02,310.40678662648,311.40678662648,310.40678662648,310.90678662648,678749
2015/09/03,309.0677701843051,310.0677701843051,309.0677701843051,309.5677701843051,722749
2015/09/04,308.88287256930516,309.88287256930516,308.88287256930516,309.38287256930516,717749
2015/09/05,308.88287256930516,309.88287256930516,308.88287256930516,309.38287256930516,717749
2015/09/06,308.88287256930516,309.88287256930516,308.88287256930516,309.38287256930516,717749
2015/09/07,308.88287256930516,309.88287256930516,308.88287256930516,309.38287256930516,717749
2015/09/08,308.88287256930516,309.88287256930516,308.88287256930516,309.38287256930516,717749
2015/09/09,308.88287256930516,309.88287256930516,308.88287256930516,309.38287256930516,717749
2015/09/10,308.88287256930516,309.88287256930516,308.88287256930516,309.38287256930516,717749
2015/09/11,307.7384343920186,308.7384343920186,307.7384343920186,308.2384343920186,776749
2015/09/12,307.4288323961419,308.4288323961419,307.4288323961419,307.9288323961419,796749
2015/09/13,307.4288323961419,308.4288323961419,307.4288323961419,307.9288323961419,796749
2015/09/14,307.4288323961419,308.4288323961419,307.4288323961419,307.9288323961419,796749
2015/09/15,307.4288323961419,308.4288323961419,307.4288323961419,307.9288323961419,796749
2015/09/16,305.17325244265356,306.17325244265356,305.17325244265356,305.67325244265356,877749
2015/09/17,303.8170646757805,304.8170646757805,303.8170646757805,304.3170646757805,983749
2015/09/18,303.047761749613,304.047761749613,303.047761749613,303.547761749613,1054749
2015/09/19,302.3864322574865,303.3864322574865,302.3864322574865,302.8864322574865,1139749
2015/09/20,302.3864322574865,303.3864322574865,302.3864322574865,302.8864322574865,1139749
2015/09/21,302.3864322574865,303.3864322574865,302.3864322574865,302.8864322574865,1139749
2015/09/22,301.7485336015158,302.7485336015158,301.7485336015158,302.2485336015158,1182749
2015/09/23,302.1296861304263,303.1296861304263,302.1296861304263,302.6296861304263,1314929
2015/09/24,302.9205158380836,303.9205158380836,302.9205158380836,303.4205158380836,1462929
2015/09/25,303.3416253927934,304.3416253927934,303.3416253927934,303.8416253927934,1541929
2015/09/26,303.7462769881238,304.7462769881238,303.7462769881238,304.2462769881238,1677929
2015/09/27,303.7462769881238,304.7462769881238,303.7462769881238,304.2462769881238,1677929
2015/09/28,303.7462769881238,304.7462769881238,303.7462769881238,304.2462769881238,1677929
2015/09/29,303.7462769881238,304.7462769881238,303.7462769881238,304.2462769881238,1677929
2015/09/30,303.7462769881238,304.7462769881238,303.7462769881238,304.2462769881238,1677929
2015/10/01,303.96332116323913,304.96332116323913,303.96332116323913,304.46332116323913,1783929
2015/10/02,303.88246675891037,304.88246675891037,303.88246675891037,304.38246675891037,1793929
2015/10/03,303.80342990472536,304.80342990472536,303.80342990472536,304.30342990472536,1884929
2015/10/04,303.80342990472536,304.80342990472536,303.80342990472536,304.30342990472536,1884929
2015/10/05,303.80342990472536,304.80342990472536,303.80342990472536,304.30342990472536,1884929
2015/10/06,303.4104045431453,304.4104045431453,303.4104045431453,303.9104045431453,1884929
2015/10/07,303.33027945684205,304.33027945684205,303.33027945684205,303.83027945684205,1867929
2015/10/08,303.2215587749492,304.2215587749492,303.2215587749492,303.7215587749492,1813300
2015/10/09,303.2215587749492,304.2215587749492,303.2215587749492,303.7215587749492,1813300
2015/10/10,303.2215587749492,304.2215587749492,303.2215587749492,303.7215587749492,1813300
2015/10/11,303.2215587749492,304.2215587749492,303.2215587749492,303.7215587749492,1813300
2015/10/12,303.2215587749492,304.2215587749492,303.2215587749492,303.7215587749492,1813300
2015/10/13,303.05650267266327,304.05650267266327,303.05650267266327,303.55650267266327,1820217
2015/10/14,303.06487341166456,304.06487341166456,303.06487341166456,303.56487341166456,1746217
2015/10/15,303.1998205715268,304.1998205715268,303.1998205715268,303.6998205715268,1786217
2015/10/16,303.3167971589823,304.3167971589823,303.3167971589823,303.8167971589823,1782217
2015/10/17,304.6644129138392,305.6644129138392,304.6644129138392,305.1644129138392,1845217
2015/10/18,304.6644129138392,305.6644129138392,304.6644129138392,305.1644129138392,1845217
2015/10/19,304.6644129138392,305.6644129138392,304.6644129138392,305.1644129138392,1845217
2015/10/20,305.4617473107578,306.4617473107578,305.4617473107578,305.9617473107578,1908217
2015/10/21,305.9246230094002,306.9246230094002,305.9246230094002,306.4246230094002,1931217
2015/10/22,306.5667759169719,307.5667759169719,306.5667759169719,307.0667759169719,2066217
2015/10/23,306.8615343712711,307.8615343712711,306.8615343712711,307.3615343712711,2103066
2015/10/24,308.9372944655063,309.9372944655063,308.9372944655063,309.4372944655063,2313066
2015/10/25,308.9372944655063,309.9372944655063,308.9372944655063,309.4372944655063,2313066
2015/10/26,308.9372944655063,309.9372944655063,308.9372944655063,309.4372944655063,2313066
2015/10/27,310.3390266749199,311.3390266749199,310.3390266749199,310.8390266749199,2417066
2015/10/28,310.7272764230215,311.7272764230215,310.7272764230215,311.2272764230215,2446066
2015/10/29,310.67179548142616,311.67179548142616,310.67179548142616,311.17179548142616,2528066
2015/10/30,310.67179548142616,311.67179548142616,310.67179548142616,311.17179548142616,2528066
2015/10/31,310.85943297884955,311.85943297884955,310.85943297884955,311.35943297884955,2607983
2015/11/01,310.85943297884955,311.85943297884955,310.85943297884955,311.35943297884955,2607983
2015/11/02,310.85943297884955,311.85943297884955,310.85943297884955,311.35943297884955,2607983
2015/11/03,311.46570534147486,312.46570534147486,311.46570534147486,311.96570534147486,2819735
2015/11/04,311.3733187738373,312.3733187738373,311.3733187738373,311.8733187738373,2866405
2015/11/05,313.03889931378797,314.03889931378797,313.03889931378797,313.53889931378797,2929405
2015/11/06,313.03889931378797,314.03889931378797,313.03889931378797,313.53889931378797,2929405
2015/11/07,315.59927035302593,316.59927035302593,315.59927035302593,316.09927035302593,3045405
2015/11/08,315.59927035302593,316.59927035302593,315.59927035302593,316.09927035302593,3045405
2015/11/09,315.59927035302593,316.59927035302593,315.59927035302593,316.09927035302593,3045405
2015/11/10,318.51819006780255,319.51819006780255,318.51819006780255,319.01819006780255,3171405
2015/11/11,318.09407877387065,319.09407877387065,318.09407877387065,318.59407877387065,3143405
2015/11/12,318.1447676543985,319.1447676543985,318.1447676543985,318.6447676543985,3136405
2015/11/13,318.50371086851,319.50371086851,318.50371086851,319.00371086851,3106405
2015/11/14,318.50117133168584,319.50117133168584,318.50117133168584,319.00117133168584,3136405
2015/11/15,318.50117133168584,319.50117133168584,318.50117133168584,319.00117133168584,3136405
2015/11/16,318.50117133168584,319.50117133168584,318.50117133168584,319.00117133168584,3136405
2015/11/17,318.2624646031824,319.2624646031824,318.2624646031824,318.7624646031824,3164405
2015/11/18,318.4383986477011,319.4383986477011,318.4383986477011,318.9383986477011,3235405
2015/11/19,319.52100467936566,320.52100467936566,319.52100467936566,320.02100467936566,3377405
2015/11/20,321.8946677839246,322.8946677839246,321.8946677839246,322.3946677839246,3590217
2015/11/21,322.6816904192909,323.6816904192909,322.6816904192909,323.1816904192909,3713217
2015/11/22,322.6816904192909,323.6816904192909,322.6816904192909,323.1816904192909,3713217
2015/11/23,322.6816904192909,323.6816904192909,322.6816904192909,323.1816904192909,3713217
2015/11/24,322.86801802472735,323.86801802472735,322.86801802472735,323.36801802472735,3837217
2015/11/25,322.405457129635,323.405457129635,322.405457129635,322.905457129635,3880307
2015/11/26,322.370552986028,323.370552986028,322.370552986028,322.870552986028,3877307
2015/11/27,322.1342484672713,323.1342484672713,322.1342484672713,322.6342484672713,3916307
2015/11/28,322.38212542258697,323.38212542258697,322.38212542258697,322.88212542258697,3975307
2015/11/29,322.38212542258697,323.38212542258697,322.38212542258697,322.88212542258697,3975307
2015/11/30,322.38212542258697,323.38212542258697,322.38212542258697,322.88212542258697,3975307
2015/12/01,322.96221106820894,323.96221106820894,322.96221106820894,323.46221106820894,4015059
2015/12/02,323.39740335232534,324.39740335232534,323.39740335232534,323.89740335232534,4079059
2015/12/03,322.9762553141589,323.9762553141589,322.9762553141589,323.4762553141589,4088059
2015/12/04,323.0967104868016,324.0967104868016,323.0967104868016,323.5967104868016,4114059
2015/12/05,323.2639495141144,324.2639495141144,323.2639495141144,323.7639495141144,4168059
2015/12/06,323.2639495141144,324.2639495141144,323.2639495141144,323.7639495141144,4168059
2015/12/07,323.2639495141144,324.2639495141144,323.2639495141144,323.7639495141144,4168059
2015/12/08,322.806019613337,323.806019613337,322.806019613337,323.306019613337,4114017
2015/12/09,323.11658803602535,324.11658803602535,323.11658803602535,323.61658803602535,4167017
2015/12/10,323.11658803602535,324.11658803602535,323.11658803602535,323.61658803602535,4167017
2015/12/11,323.0282612730389,324.0282612730389,323.0282612730389,323.5282612730389,4159017
2015/12/12,324.8872042347049,325.8872042347049,324.8872042347049,325.3872042347049,4346017
2015/12/13,324.8872042347049,325.8872042347049,324.8872042347049,325.3872042347049,4346017
2015/12/14,324.8872042347049,325.8872042347049,324.8872042347049,325.3872042347049,4346017
2015/12/15,324.8886246592845,325.8886246592845,324.8886246592845,325.3886246592845,4343706
2015/12/16,324.71105300620474,325.71105300620474,324.71105300620474,325.21105300620474,4352706
2015/12/17,325.62467183794354,326.62467183794354,325.62467183794354,326.12467183794354,4386706
2015/12/18,325.9068283578087,326.9068283578087,325.9068283578087,326.4068283578087,4349706
2015/12/19,326.090170375543,327.090170375543,326.090170375543,326.590170375543,4309706
2015/12/20,326.090170375543,327.090170375543,326.090170375543,326.590170375543,4309706
2015/12/21,326.090170375543,327.090170375543,326.090170375543,326.590170375543,4309706
2015/12/22,327.3955220745042,328.3955220745042,327.3955220745042,327.8955220745042,4194706
2015/12/23,328.732346655369,329.732346655369,328.732346655369,329.232346655369,4183706
2015/12/24,332.25720152296964,333.25720152296964,332.25720152296964,332.75720152296964,3843706
2015/12/25,332.70179916987985,333.70179916987985,332.70179916987985,333.20179916987985,3789706
2015/12/26,334.07029941764574,335.07029941764574,334.07029941764574,334.57029941764574,3652706
2015/12/27,334.07029941764574,335.07029941764574,334.07029941764574,334.57029941764574,3652706
2015/12/28,334.07029941764574,335.07029941764574,334.07029941764574,334.57029941764574,3652706
2015/12/29,334.8697522991665,335.8697522991665,334.8697522991665,335.3697522991665,3475706
2015/12/30,334.95307530509814,335.95307530509814,334.95307530509814,335.45307530509814,3352706
2015/12/31,335.2950420681686,336.2950420681686,335.2950420681686,335.7950420681686,3190706
2016/01/01,335.9426412706717,336.9426412706717,335.9426412706717,336.4426412706717,3109706
2016/01/02,335.9426412706717,336.9426412706717,335.9426412706717,336.4426412706717,3109706
2016/01/03,335.9426412706717,336.9426412706717,335.9426412706717,336.4426412706717,3109706
2016/01/04,335.9426412706717,336.9426412706717,335.9426412706717,336.4426412706717,3109706
2016/01/05,336.49132693272924,337.49132693272924,336.49132693272924,336.99132693272924,3210706
2016/01/06,336.7860247362643,337.7860247362643,336.7860247362643,337.2860247362643,3142706
2016/01/07,336.8675670538108,337.8675670538108,336.8675670538108,337.3675670538108,3119706
2016/01/08,337.4979909301923,338.4979909301923,337.4979909301923,337.9979909301923,3137706
2016/01/09,337.4979909301923,338.4979909301923,337.4979909301923,337.9979909301923,3137706
2016/01/10,337.4979909301923,338.4979909301923,337.4979909301923,337.9979909301923,3137706
2016/01/11,337.4979909301923,338.4979909301923,337.4979909301923,337.9979909301923,3137706
2016/01/12,337.6790158091353,338.6790158091353,337.6790158091353,338.1790158091353,3135706
2016/01/13,337.7246304165126,338.7246304165126,337.7246304165126,338.2246304165126,3137706
2016/01/14,337.4931789379616,338.4931789379616,337.4931789379616,337.9931789379616,3226706
2016/01/15,337.6354363129287,338.6354363129287,337.6354363129287,338.1354363129287,3276706
2016/01/16,337.22546288757843,338.22546288757843,337.22546288757843,337.72546288757843,3332706
2016/01/17,337.22546288757843,338.22546288757843,337.22546288757843,337.72546288757843,3332706
2016/01/18,337.22546288757843,338.22546288757843,337.22546288757843,337.72546288757843,3332706
2016/01/19,338.25296886568344,339.25296886568344,338.25296886568344,338.75296886568344,3339706
2016/01/20,338.73322988656076,339.73322988656076,338.73322988656076,339.23322988656076,3385706
2016/01/21,339.5244633762453,340.5244633762453,339.5244633762453,340.0244633762453,3440706
2016/01/22,340.1074368405585,341.1074368405585,340.1074368405585,340.6074368405585,3497706
2016/01/23,340.33349052539364,341.33349052539364,340.33349052539364,340.83349052539364,3488706
2016/01/24,340.33349052539364,341.33349052539364,340.33349052539364,340.83349052539364,3488706
2016/01/25,340.33349052539364,341.33349052539364,340.33349052539364,340.83349052539364,3488706
2016/01/26,341.04674995500136,342.04674995500136,341.04674995500136,341.54674995500136,3494706
2016/01/27,341.73771838067535,342.73771838067535,341.73771838067535,342.23771838067535,3509706
2016/01/28,341.86163094530383,342.86163094530383,341.86163094530383,342.36163094530383,3635706
2016/01/29,342.60891266144887,343.60891266144887,342.60891266144887,343.10891266144887,3688706
2016/01/30,346.1903509349577,347.1903509349577,346.1903509349577,346.6903509349577,3873706
2016/01/31,346.1903509349577,347.1903509349577,346.1903509349577,346.6903509349577,3873706
2016/02/01,346.1903509349577,347.1903509349577,346.1903509349577,346.6903509349577,3873706
2016/02/02,347.49009962219293,348.49009962219293,347.49009962219293,347.99009962219293,3891706
2016/02/03,348.5800754221884,349.5800754221884,348.5800754221884,349.0800754221884,3973706
2016/02/04,348.5822868579744,349.5822868579744,348.5822868579744,349.0822868579744,3978706
2016/02/05,348.5822868579744,349.5822868579744,348.5822868579744,349.0822868579744,3978706
2016/02/06,348.5822868579744,349.5822868579744,348.5822868579744,349.0822868579744,3978706
2016/02/07,348.5822868579744,349.5822868579744,348.5822868579744,349.0822868579744,3978706
2016/02/08,348.5822868579744,349.5822868579744,348.5822868579744,349.0822868579744,3978706
2016/02/09,348.5822868579744,349.5822868579744,348.5822868579744,349.0822868579744,3978706
2016/02/10,348.5822868579744,349.5822868579744,348.5822868579744,349.0822868579744,3978706
2016/02/11,348.5822868579744,349.5822868579744,348.5822868579744,349.0822868579744,3978706
2016/02/12,348.5822868579744,349.5822868579744,348.5822868579744,349.0822868579744,3978706
2016/02/13,348.5822868579744,349.5822868579744,348.5822868579744,349.0822868579744,3978706
2016/02/14,348.5822868579744,349.5822868579744,348.5822868579744,349.0822868579744,3978706
2016/02/15,348.5822868579744,349.5822868579744,348.5822868579744,349.0822868579744,3978706
2016/02/16,350.060354729086,351.060354729086,350.060354729086,350.560354729086,4052708
2016/02/17,353.5447028985959,354.5447028985959,353.5447028985959,354.0447028985959,3947708
2016/02/18,355.7168354706824,356.7168354706824,355.7168354706824,356.2168354706824,4079708
2016/02/19,357.581476712391,358.581476712391,357.581476712391,358.081476712391,4164708
2016/02/20,359.58044300545276,360.58044300545276,359.58044300545276,360.08044300545276,4280997
2016/02/21,359.58044300545276,360.58044300545276,359.58044300545276,360.08044300545276,4280997
2016/02/22,359.58044300545276,360.58044300545276,359.58044300545276,360.08044300545276,4280997
2016/02/23,360.45252808268185,361.45252808268185,360.45252808268185,360.95252808268185,4269997
2016/02/24,360.5548029944223,361.5548029944223,360.5548029944223,361.0548029944223,4256997
2016/02/25,360.6984900000139,361.6984900000139,360.6984900000139,361.1984900000139,4237997
2016/02/26,361.10421868728235,362.10421868728235,361.10421868728235,361.60421868728235,4275997
2016/02/27,363.0970351881829,364.0970351881829,363.0970351881829,363.5970351881829,4119997
2016/02/28,363.0970351881829,364.0970351881829,363.0970351881829,363.5970351881829,4119997
2016/02/29,363.0970351881829,364.0970351881829,363.0970351881829,363.5970351881829,4119997
2016/03/01,363.0970351881829,364.0970351881829,363.0970351881829,363.5970351881829,4119997
2016/03/02,365.59797000013157,366.59797000013157,365.59797000013157,366.09797000013157,3980997
2016/03/03,365.59797000013157,366.59797000013157,365.59797000013157,366.09797000013157,3980997
2016/03/04,365.7099122287815,366.7099122287815,365.7099122287815,366.2099122287815,3962997
2016/03/05,366.2245068943964,367.2245068943964,366.2245068943964,366.7245068943964,3926997
2016/03/06,366.2245068943964,367.2245068943964,366.2245068943964,366.7245068943964,3926997
2016/03/07,366.2245068943964,367.2245068943964,366.2245068943964,366.7245068943964,3926997
2016/03/08,366.90686351161986,367.90686351161986,366.90686351161986,367.40686351161986,3883997
2016/03/09,366.96995014836904,367.96995014836904,366.96995014836904,367.46995014836904,3881997
2016/03/10,368.17752457394477,369.17752457394477,368.17752457394477,368.67752457394477,3834997
2016/03/11,369.485329984089,370.485329984089,369.485329984089,369.985329984089,3759997
2016/03/12,369.99642409633384,370.99642409633384,369.99642409633384,370.49642409633384,3799997
2016/03/13,369.99642409633384,370.99642409633384,369.99642409633384,370.49642409633384,3799997
2016/03/14,369.99642409633384,370.99642409633384,369.99642409633384,370.49642409633384,3799997
2016/03/15,370.7121027275672,371.7121027275672,370.7121027275672,371.2121027275672,3947997
2016/03/16,373.78617025865856,374.78617025865856,373.78617025865856,374.28617025865856,4172997
2016/03/17,374.27436640878676,375.27436640878676,374.27436640878676,374.77436640878676,4126997
2016/03/18,374.8153830697439,375.8153830697439,374.8153830697439,375.3153830697439,4088997
2016/03/19,375.60806131429825,376.60806131429825,375.60806131429825,376.10806131429825,4031997
2016/03/20,375.60806131429825,376.60806131429825,375.60806131429825,376.10806131429825,4031997
2016/03/21,375.60806131429825,376.60806131429825,375.60806131429825,376.10806131429825,4031997
2016/03/22,375.92277002844787,376.92277002844787,375.92277002844787,376.42277002844787,4005997
2016/03/23,376.0861895839034,377.0861895839034,376.0861895839034,376.5861895839034,3901997
2016/03/24,376.41694443153176,377.41694443153176,376.41694443153176,376.91694443153176,3979997
2016/03/25,376.4666339034275,377.4666339034275,376.4666339034275,376.9666339034275,3953997
2016/03/26,376.53259550828625,377.53259550828625,376.53259550828625,377.03259550828625,3902997
2016/03/27,376.53259550828625,377.53259550828625,376.53259550828625,377.03259550828625,3902997
2016/03/28,376.53259550828625,377.53259550828625,376.53259550828625,377.03259550828625,3902997
2016/03/29,375.41286814609106,376.41286814609106,375.41286814609106,375.91286814609106,4009997
2016/03/30,375.9467115874793,376.9467115874793,375.9467115874793,376.4467115874793,4032997
2016/03/31,376.1375949248002,377.1375949248002,376.1375949248002,376.6375949248002,4118997
2016/04/01,375.44993321099895,376.44993321099895,375.44993321099895,375.94993321099895,4140997
2016/04/02,375.6657602418555,376.6657602418555,375.6657602418555,376.1657602418555,4148997
2016/04/03,375.6657602418555,376.6657602418555,375.6657602418555,376.1657602418555,4148997
2016/04/04,375.6657602418555,376.6657602418555,375.6657602418555,376.1657602418555,4148997
2016/04/05,375.6657602418555,376.6657602418555,375.6657602418555,376.1657602418555,4148997
2016/04/06,375.6657602418555,376.6657602418555,375.6657602418555,376.1657602418555,4148997
2016/04/07,375.58624085601986,376.58624085601986,375.58624085601986,376.08624085601986,4147997
2016/04/08,374.2862558332129,375.2862558332129,374.2862558332129,374.7862558332129,4241997
2016/04/09,373.03262711115985,374.03262711115985,373.03262711115985,373.53262711115985,4320997
2016/04/10,373.03262711115985,374.03262711115985,373.03262711115985,373.53262711115985,4320997
2016/04/11,373.03262711115985,374.03262711115985,373.03262711115985,373.53262711115985,4320997
2016/04/12,372.42789593998015,373.42789593998015,372.42789593998015,372.92789593998015,4351997
2016/04/13,372.42789593998015,373.42789593998015,372.42789593998015,372.92789593998015,4351997
2016/04/14,372.42789593998015,373.42789593998015,372.42789593998015,372.92789593998015,4351997
2016/04/15,372.36022834163714,373.36022834163714,372.36022834163714,372.86022834163714,4375997
2016/04/16,372.36022834163714,373.36022834163714,372.36022834163714,372.86022834163714,4375997
2016/04/17,372.36022834163714,373.36022834163714,372.36022834163714,372.86022834163714,4375997
2016/04/18,372.36022834163714,373.36022834163714,372.36022834163714,372.86022834163714,4375997
2016/04/19,372.7789563278231,373.7789563278231,372.7789563278231,373.2789563278231,4316997
2016/04/20,373.70282110461363,374.70282110461363,373.70282110461363,374.20282110461363,4170997
2016/04/21,374.31908277758106,375.31908277758106,374.31908277758106,374.81908277758106,4137997
2016/04/22,373.24058332942064,374.24058332942064,373.24058332942064,373.74058332942064,4203997
2016/04/23,373.66671729984625,374.66671729984625,373.66671729984625,374.16671729984625,4116983
2016/04/24,373.66671729984625,374.66671729984625,373.66671729984625,374.16671729984625,4116983
2016/04/25,373.66671729984625,374.66671729984625,373.66671729984625,374.16671729984625,4116983
2016/04/26,373.9364671942177,374.9364671942177,373.9364671942177,374.4364671942177,4084983
2016/04/27,374.1435477103517,375.1435477103517,374.1435477103517,374.6435477103517,4060983
2016/04/28,373.4474328075538,374.4474328075538,373.4474328075538,373.9474328075538,4067983
2016/04/29,372.31022807982106,373.31022807982106,372.31022807982106,372.81022807982106,4133983
2016/04/30,372.91464566011604,373.91464566011604,372.91464566011604,373.41464566011604,4047983
2016/05/01,372.91464566011604,373.91464566011604,372.91464566011604,373.41464566011604,4047983
2016/05/02,372.91464566011604,373.91464566011604,372.91464566011604,373.41464566011604,4047983
2016/05/03,372.91464566011604,373.91464566011604,372.91464566011604,373.41464566011604,4047983
2016/05/04,372.91464566011604,373.91464566011604,372.91464566011604,373.41464566011604,4047983
2016/05/05,372.6681943111257,373.6681943111257,372.6681943111257,373.1681943111257,3989983
2016/05/06,372.9764304646386,373.9764304646386,372.9764304646386,373.4764304646386,3925983
2016/05/07,373.86734135670935,374.86734135670935,373.86734135670935,374.36734135670935,3920983
2016/05/08,373.86734135670935,374.86734135670935,373.86734135670935,374.36734135670935,3920983
2016/05/09,373.86734135670935,374.86734135670935,373.86734135670935,374.36734135670935,3920983
2016/05/10,375.8856596857819,376.8856596857819,375.8856596857819,376.3856596857819,3787983
2016/05/11,377.33676987285116,378.33676987285116,377.33676987285116,377.83676987285116,3677017
2016/05/12,378.7852836543385,379.7852836543385,378.7852836543385,379.2852836543385,3630017
2016/05/13,381.3515273182767,382.3515273182767,381.3515273182767,381.8515273182767,3549017
2016/05/14,383.17209049106754,384.17209049106754,383.17209049106754,383.67209049106754,3371017
2016/05/15,383.17209049106754,384.17209049106754,383.17209049106754,383.67209049106754,3371017
2016/05/16,383.17209049106754,384.17209049106754,383.17209049106754,383.67209049106754,3371017
2016/05/17,383.17209049106754,384.17209049106754,383.17209049106754,383.67209049106754,3371017
2016/05/18,384.54755807562304,385.54755807562304,384.54755807562304,385.04755807562304,3030837
2016/05/19,386.8701176861554,387.8701176861554,386.8701176861554,387.3701176861554,2702837
2016/05/20,387.6969434935311,388.6969434935311,387.6969434935311,388.1969434935311,2543837
2016/05/21,388.8590208904329,389.8590208904329,388.8590208904329,389.3590208904329,2431837
2016/05/22,388.8590208904329,389.8590208904329,388.8590208904329,389.3590208904329,2431837
2016/05/23,388.8590208904329,389.8590208904329,388.8590208904329,389.3590208904329,2431837
2016/05/24,389.72245270603935,390.72245270603935,389.72245270603935,390.22245270603935,2344837
2016/05/25,389.639694040807,390.639694040807,389.639694040807,390.139694040807,2350837
2016/05/26,390.07588599416044,391.07588599416044,390.07588599416044,390.57588599416044,2164137
2016/05/27,389.12469540576603,390.12469540576603,389.12469540576603,389.62469540576603,2121137
2016/05/28,388.7246179064872,389.7246179064872,388.7246179064872,389.2246179064872,2083137
2016/05/29,388.7246179064872,389.7246179064872,388.7246179064872,389.2246179064872,2083137
2016/05/30,388.7246179064872,389.7246179064872,388.7246179064872,389.2246179064872,2083137
2016/05/31,387.73874189745555,388.73874189745555,387.73874189745555,388.23874189745555,2067137
2016/06/01,387.5537025725852,388.5537025725852,387.5537025725852,388.0537025725852,2068137
2016/06/02,386.64473393991324,387.64473393991324,386.64473393991324,387.14473393991324,2217137
2016/06/03,387.0492426769569,388.0492426769569,387.0492426769569,387.5492426769569,2204137
2016/06/04,387.12303406220246,388.12303406220246,387.12303406220246,387.62303406220246,1993137
2016/06/05,387.12303406220246,388.12303406220246,387.12303406220246,387.62303406220246,1993137
2016/06/06,387.12303406220246,388.12303406220246,387.12303406220246,387.62303406220246,1993137
2016/06/07,388.3962538694617,389.3962538694617,388.3962538694617,388.8962538694617,1759837
2016/06/08,389.3881450644687,390.3881450644687,389.3881450644687,389.8881450644687,1681837
2016/06/09,389.3881450644687,390.3881450644687,389.3881450644687,389.8881450644687,1681837
2016/06/10,389.3881450644687,390.3881450644687,389.3881450644687,389.8881450644687,1681837
2016/06/11,389.3881450644687,390.3881450644687,389.3881450644687,389.8881450644687,1681837
2016/06/12,389.3881450644687,390.3881450644687,389.3881450644687,389.8881450644687,1681837
2016/06/13,389.3881450644687,390.3881450644687,389.3881450644687,389.8881450644687,1681837
2016/06/14,389.81015153531587,390.81015153531587,389.81015153531587,390.31015153531587,1655837
2016/06/15,389.81015153531587,390.81015153531587,389.81015153531587,390.31015153531587,1655837
2016/06/16,391.3814033419388,392.3814033419388,391.3814033419388,391.8814033419388,1496837
2016/06/17,391.9385294880534,392.9385294880534,391.9385294880534,392.4385294880534,1443837
2016/06/18,394.44752999102565,395.44752999102565,394.44752999102565,394.94752999102565,1226837
2016/06/19,394.44752999102565,395.44752999102565,394.44752999102565,394.94752999102565,1226837
2016/06/20,394.44752999102565,395.44752999102565,394.44752999102565,394.94752999102565,1226837
2016/06/21,395.5025225944031,396.5025225944031,395.5025225944031,396.0025225944031,1128837
2016/06/22,395.9221345028706,396.9221345028706,395.9221345028706,396.4221345028706,1051837
2016/06/23,396.43054182703247,397.43054182703247,396.43054182703247,396.93054182703247,831837
2016/06/24,397.3284625836596,398.3284625836596,397.3284625836596,397.8284625836596,642837
2016/06/25,399.4814737427251,400.4814737427251,399.4814737427251,399.9814737427251,362837
2016/06/26,399.4814737427251,400.4814737427251,399.4814737427251,399.9814737427251,362837
2016/06/27,399.4814737427251,400.4814737427251,399.4814737427251,399.9814737427251,362837
2016/06/28,399.4814737427251,400.4814737427251,399.4814737427251,399.9814737427251,362837
2016/06/29,396.0592432821157,397.0592432821157,396.0592432821157,396.5592432821157,375837
2016/06/30,393.74566904600533,394.74566904600533,393.74566904600533,394.24566904600533,303837
2016/07/01,386.4925156527377,387.4925156527377,386.4925156527377,386.9925156527377,199837
2016/07/02,375.4937259021042,376.4937259021042,375.4937259021042,375.9937259021042,57837
2016/07/03,375.4937259021042,376.4937259021042,375.4937259021042,375.9937259021042,57837
2016/07/04,375.4937259021042,376.4937259021042,375.4937259021042,375.9937259021042,57837
2016/07/05,375.4937259021042,376.4937259021042,375.4937259021042,375.9937259021042,57837
2016/07/06,377.1876326534285,378.1876326534285,377.1876326534285,377.6876326534285,63837
2016/07/07,375.47729842461615,376.47729842461615,375.47729842461615,375.97729842461615,77837
2016/07/08,374.90881180623495,375.90881180623495,374.90881180623495,375.40881180623495,62837
2016/07/09,374.90881180623495,375.90881180623495,374.90881180623495,375.40881180623495,62837
2016/07/10,374.90881180623495,375.90881180623495,374.90881180623495,375.40881180623495,62837
2016/07/11,374.90881180623495,375.90881180623495,374.90881180623495,375.40881180623495,62837
2016/07/12,370.9639707370193,371.9639707370193,370.9639707370193,371.4639707370193,26837
2016/07/13,369.45904737948194,370.45904737948194,369.45904737948194,369.95904737948194,26837
2016/07/14,366.875,367.875,366.875,367.375,25837
2016/07/15,358.04291053844975,358.04291053844975,357.04291053844975,357.54291053844975,109163
2016/07/16,350.7755877530315,350.7755877530315,349.7755877530315,350.2755877530315,297163
2016/07/17,350.7755877530315,350.7755877530315,349.7755877530315,350.2755877530315,297163
2016/07/18,350.7755877530315,350.7755877530315,349.7755877530315,350.2755877530315,297163
2016/07/19,351.7906665258175,351.7906665258175,350.7906665258175,351.2906665258175,410163
2016/07/20,353.0133086140049,353.0133086140049,352.0133086140049,352.5133086140049,487163
2016/07/21,353.1579285177132,353.1579285177132,352.1579285177132,352.6579285177132,489163
2016/07/22,353.55266963330837,353.55266963330837,352.55266963330837,353.05266963330837,490163
2016/07/23,353.55266963330837,353.55266963330837,352.55266963330837,353.05266963330837,490163
2016/07/24,353.55266963330837,353.55266963330837,352.55266963330837,353.05266963330837,490163
2016/07/25,353.55266963330837,353.55266963330837,352.55266963330837,353.05266963330837,490163
2016/07/26,353.55266963330837,353.55266963330837,352.55266963330837,353.05266963330837,490163
2016/07/27,357.3253299082509,357.3253299082509,356.3253299082509,356.8253299082509,538163
2016/07/28,359.08090611298564,359.08090611298564,358.08090611298564,358.58090611298564,596163
2016/07/29,372.749281545711,372.749281545711,371.749281545711,372.249281545711,839163
2016/07/30,383.68240380741435,383.68240380741435,382.68240380741435,383.18240380741435,1191141
2016/07/31,383.68240380741435,383.68240380741435,382.68240380741435,383.18240380741435,1191141
2016/08/01,383.68240380741435,383.68240380741435,382.68240380741435,383.18240380741435,1191141
2016/08/02,386.52039560467995,386.52039560467995,385.52039560467995,386.02039560467995,1258141
2016/08/03,388.1231299148649,388.1231299148649,387.1231299148649,387.6231299148649,1384141
2016/08/04,388.4918167803418,388.4918167803418,387.4918167803418,387.9918167803418,1484141
2016/08/05,391.23845847291426,391.23845847291426,390.23845847291426,390.73845847291426,1412141
2016/08/06,394.5617638845684,394.5617638845684,393.5617638845684,394.0617638845684,1618141
2016/08/07,394.5617638845684,394.5617638845684,393.5617638845684,394.0617638845684,1618141
2016/08/08,394.5617638845684,394.5617638845684,393.5617638845684,394.0617638845684,1618141
2016/08/09,397.04703368581113,397.04703368581113,396.04703368581113,396.54703368581113,1706141
2016/08/10,395.5626983413762,395.5626983413762,394.5626983413762,395.0626983413762,2028141
2016/08/11,395.7660730616956,395.7660730616956,394.7660730616956,395.2660730616956,2035942
2016/08/12,396.7470496743546,396.7470496743546,395.7470496743546,396.2470496743546,2089942
2016/08/13,396.7353488986026,396.7353488986026,395.7353488986026,396.2353488986026,2200942
2016/08/14,396.7353488986026,396.7353488986026,395.7353488986026,396.2353488986026,2200942
2016/08/15,396.7353488986026,396.7353488986026,395.7353488986026,396.2353488986026,2200942
2016/08/16,397.0139909725939,397.0139909725939,396.0139909725939,396.5139909725939,2193942
2016/08/17,397.3663471828574,397.3663471828574,396.3663471828574,396.8663471828574,2097942
2016/08/18,397.58372381795124,397.58372381795124,396.58372381795124,397.08372381795124,2011942
2016/08/19,396.87634168894164,396.87634168894164,395.87634168894164,396.37634168894164,2035942
2016/08/20,396.9311827923868,396.9311827923868,395.9311827923868,396.4311827923868,2018942
2016/08/21,396.9311827923868,396.9311827923868,395.9311827923868,396.4311827923868,2018942
2016/08/22,396.9311827923868,396.9311827923868,395.9311827923868,396.4311827923868,2018942
2016/08/23,397.0278568113058,397.0278568113058,396.0278568113058,396.5278568113058,1985942
2016/08/24,396.97250432353326,396.97250432353326,395.97250432353326,396.47250432353326,1979942
2016/08/25,396.97250432353326,396.97250432353326,395.97250432353326,396.47250432353326,1979942
2016/08/26,398.249995789083,398.249995789083,397.249995789083,397.749995789083,1852942
2016/08/27,398.249995789083,398.249995789083,397.249995789083,397.749995789083,1852942
2016/08/28,398.249995789083,398.249995789083,397.249995789083,397.749995789083,1852942
2016/08/29,398.249995789083,398.249995789083,397.249995789083,397.749995789083,1852942
2016/08/30,398.249995789083,398.249995789083,397.249995789083,397.749995789083,1852942
2016/08/31,400.541539065475,400.541539065475,399.541539065475,400.041539065475,1711942
2016/09/01,404.4860241012536,404.4860241012536,403.4860241012536,403.9860241012536,1611942
2016/09/02,405.1617779197319,405.1617779197319,404.1617779197319,404.6617779197319,1645942
2016/09/03,403.56170638749404,403.56170638749404,402.56170638749404,403.06170638749404,1754942
2016/09/04,403.56170638749404,403.56170638749404,402.56170638749404,403.06170638749404,1754942
2016/09/05,403.56170638749404,403.56170638749404,402.56170638749404,403.06170638749404,1754942
2016/09/06,403.98319509013857,403.98319509013857,402.98319509013857,403.48319509013857,1714942
2016/09/07,403.98319509013857,403.98319509013857,402.98319509013857,403.48319509013857,1714942
2016/09/08,404.49542832865245,404.49542832865245,403.49542832865245,403.99542832865245,1713942
2016/09/09,403.6263786626157,403.6263786626157,402.6263786626157,403.1263786626157,1742942
2016/09/10,403.6263786626157,403.6263786626157,402.6263786626157,403.1263786626157,1742942
2016/09/11,403.6263786626157,403.6263786626157,402.6263786626157,403.1263786626157,1742942
2016/09/12,403.6263786626157,403.6263786626157,402.6263786626157,403.1263786626157,1742942
2016/09/13,403.6263786626157,403.6263786626157,402.6263786626157,403.1263786626157,1742942
2016/09/14,403.6263786626157,403.6263786626157,402.6263786626157,403.1263786626157,1742942
2016/09/15,403.4311819057,403.4311819057,402.4311819057,402.9311819057,1731942
2016/09/16,403.4311819057,403.4311819057,402.4311819057,402.9311819057,1731942
2016/09/17,403.4311819057,403.4311819057,402.4311819057,402.9311819057,1731942
2016/09/18,403.4311819057,403.4311819057,402.4311819057,402.9311819057,1731942
2016/09/19,403.4311819057,403.4311819057,402.4311819057,402.9311819057,1731942
2016/09/20,403.4311819057,403.4311819057,402.4311819057,402.9311819057,1731942
2016/09/21,404.6800814971265,404.6800814971265,403.6800814971265,404.1800814971265,1768942
2016/09/22,404.29056108177923,404.29056108177923,403.29056108177923,403.79056108177923,1710942
2016/09/23,403.62278961095694,403.62278961095694,402.62278961095694,403.12278961095694,1684942
2016/09/24,403.7407431568869,403.7407431568869,402.7407431568869,403.2407431568869,1654942
2016/09/25,403.7407431568869,403.7407431568869,402.7407431568869,403.2407431568869,1654942
2016/09/26,403.7407431568869,403.7407431568869,402.7407431568869,403.2407431568869,1654942
2016/09/27,402.44268760825634,402.44268760825634,401.44268760825634,401.94268760825634,1710942
2016/09/28,402.44268760825634,402.44268760825634,401.44268760825634,401.94268760825634,1710942
2016/09/29,402.44268760825634,402.44268760825634,401.44268760825634,401.94268760825634,1710942
2016/09/30,401.7776468737757,401.7776468737757,400.7776468737757,401.2776468737757,1746942
2016/10/01,400.86035644626264,400.86035644626264,399.86035644626264,400.36035644626264,1781053
2016/10/02,400.86035644626264,400.86035644626264,399.86035644626264,400.36035644626264,1781053
2016/10/03,400.86035644626264,400.86035644626264,399.86035644626264,400.36035644626264,1781053
2016/10/04,400.86035644626264,400.86035644626264,399.86035644626264,400.36035644626264,1781053
2016/10/05,400.86035644626264,400.86035644626264,399.86035644626264,400.36035644626264,1781053
2016/10/06,400.1619273254958,400.1619273254958,399.1619273254958,399.6619273254958,1820053
2016/10/07,400.0212772789905,400.0212772789905,399.0212772789905,399.5212772789905,1828053
2016/10/08,399.40112675172406,399.40112675172406,398.40112675172406,398.90112675172406,1872053
2016/10/09,399.40112675172406,399.40112675172406,398.40112675172406,398.90112675172406,1872053
2016/10/10,399.40112675172406,399.40112675172406,398.40112675172406,398.90112675172406,1872053
2016/10/11,399.40112675172406,399.40112675172406,398.40112675172406,398.90112675172406,1872053
2016/10/12,399.0030903404283,399.0030903404283,398.0030903404283,398.5030903404283,1922053
2016/10/13,398.41606428503513,398.41606428503513,397.41606428503513,397.91606428503513,1944053
2016/10/14,397.88588012674074,397.88588012674074,396.88588012674074,397.38588012674074,1948053
2016/10/15,396.4464677892869,396.4464677892869,395.4464677892869,395.9464677892869,2100053
2016/10/16,396.4464677892869,396.4464677892869,395.4464677892869,395.9464677892869,2100053
2016/10/17,396.4464677892869,396.4464677892869,395.4464677892869,395.9464677892869,2100053
2016/10/18,396.0741842138437,396.0741842138437,395.0741842138437,395.5741842138437,2116053
2016/10/19,395.6191859753903,395.6191859753903,394.6191859753903,395.1191859753903,2145053
2016/10/20,396.37595560221774,396.37595560221774,395.37595560221774,395.87595560221774,2176053
2016/10/21,395.5858704174424,395.5858704174424,394.5858704174424,395.0858704174424,2240055
2016/10/22,394.46766505949716,394.46766505949716,393.46766505949716,393.96766505949716,2356055
2016/10/23,394.46766505949716,394.46766505949716,393.46766505949716,393.96766505949716,2356055
2016/10/24,394.46766505949716,394.46766505949716,393.46766505949716,393.96766505949716,2356055
2016/10/25,394.46766505949716,394.46766505949716,393.46766505949716,393.96766505949716,2356055
2016/10/26,394.46766505949716,394.46766505949716,393.46766505949716,393.96766505949716,2356055
2016/10/27,393.95956194706923,393.95956194706923,392.95956194706923,393.45956194706923,2488055
2016/10/28,393.95956194706923,393.95956194706923,392.95956194706923,393.45956194706923,2488055
2016/10/29,393.6721103101538,393.6721103101538,392.6721103101538,393.1721103101538,2569055
2016/10/30,393.6721103101538,393.6721103101538,392.6721103101538,393.1721103101538,2569055
2016/10/31,393.6721103101538,393.6721103101538,392.6721103101538,393.1721103101538,2569055
2016/11/01,393.6721103101538,393.6721103101538,392.6721103101538,393.1721103101538,2569055
2016/11/02,394.08103940568105,394.08103940568105,393.08103940568105,393.58103940568105,2667055
2016/11/03,394.2027644635495,394.2027644635495,393.2027644635495,393.7027644635495,2681026
2016/11/04,394.1877804895759,394.1877804895759,393.1877804895759,393.6877804895759,2674026
2016/11/05,394.1626810826489,394.1626810826489,393.1626810826489,393.6626810826489,2649026
2016/11/06,394.1626810826489,394.1626810826489,393.1626810826489,393.6626810826489,2649026
2016/11/07,394.1626810826489,394.1626810826489,393.1626810826489,393.6626810826489,2649026
2016/11/08,394.1626810826489,394.1626810826489,393.1626810826489,393.6626810826489,2649026
2016/11/09,394.30150430194016,394.30150430194016,393.30150430194016,393.80150430194016,2658026
2016/11/10,394.3306948698631,394.3306948698631,393.3306948698631,393.8306948698631,2633026
2016/11/11,394.39933331697836,394.39933331697836,393.39933331697836,393.89933331697836,2639026
2016/11/12,394.3306948698631,394.3306948698631,393.3306948698631,393.8306948698631,2584026
2016/11/13,394.3306948698631,394.3306948698631,393.3306948698631,393.8306948698631,2584026
2016/11/14,394.3306948698631,394.3306948698631,393.3306948698631,393.8306948698631,2584026
2016/11/15,395.488004506006,395.488004506006,394.488004506006,394.988004506006,2628026
2016/11/16,395.4836501175913,395.4836501175913,394.4836501175913,394.9836501175913,2607026
2016/11/17,395.488004506006,395.488004506006,394.488004506006,394.988004506006,2577026
2016/11/18,395.7285548670295,395.7285548670295,394.7285548670295,395.2285548670295,2598026
2016/11/19,395.84112814350067,395.84112814350067,394.84112814350067,395.34112814350067,2604026
2016/11/20,395.84112814350067,395.84112814350067,394.84112814350067,395.34112814350067,2604026
2016/11/21,395.84112814350067,395.84112814350067,394.84112814350067,395.34112814350067,2604026
2016/11/22,396.05328487385464,396.05328487385464,395.05328487385464,395.55328487385464,2607026
2016/11/23,396.684466456649,396.684466456649,395.684466456649,396.184466456649,2685026
2016/11/24,397.91432231137105,397.91432231137105,396.91432231137105,397.41432231137105,2807026
2016/11/25,398.20049612869053,398.20049612869053,397.20049612869053,397.70049612869053,2802026
2016/11/26,398.51237287814104,398.51237287814104,397.51237287814104,398.01237287814104,2783026
2016/11/27,398.51237287814104,398.51237287814104,397.51237287814104,398.01237287814104,2783026
2016/11/28,398.51237287814104,398.51237287814104,397.51237287814104,398.01237287814104,2783026
2016/11/29,398.11941059503545,398.11941059503545,397.11941059503545,397.61941059503545,2758026
2016/11/30,398.06717384698425,398.06717384698425,397.06717384698425,397.56717384698425,2741026
2016/12/01,398.06717384698425,398.06717384698425,397.06717384698425,397.56717384698425,2741026
2016/12/02,398.332116688203,398.332116688203,397.332116688203,397.832116688203,2674026
2016/12/03,398.654903669309,398.654903669309,397.654903669309,398.154903669309,2716026
2016/12/04,398.654903669309,398.654903669309,397.654903669309,398.154903669309,2716026
2016/12/05,398.654903669309,398.654903669309,397.654903669309,398.154903669309,2716026
2016/12/06,398.8371057947295,398.8371057947295,397.8371057947295,398.3371057947295,2705026
2016/12/07,398.57968985882553,398.57968985882553,397.57968985882553,398.07968985882553,2628026
2016/12/08,398.72309998173364,398.72309998173364,397.72309998173364,398.22309998173364,2629026
2016/12/09,399.1259983324366,399.1259983324366,398.1259983324366,398.6259983324366,2675026
2016/12/10,399.1259983324366,399.1259983324366,398.1259983324366,398.6259983324366,2675026
2016/12/11,399.1259983324366,399.1259983324366,398.1259983324366,398.6259983324366,2675026
2016/12/12,399.1259983324366,399.1259983324366,398.1259983324366,398.6259983324366,2675026
2016/12/13,399.1259983324366,399.1259983324366,398.1259983324366,398.6259983324366,2675026
2016/12/14,399.1259983324366,399.1259983324366,398.1259983324366,398.6259983324366,2675026
2016/12/15,399.4796670539325,399.4796670539325,398.4796670539325,398.9796670539325,2730026
2016/12/16,399.34996057278414,399.34996057278414,398.34996057278414,398.84996057278414,2694026
2016/12/17,399.43227267046797,399.43227267046797,398.43227267046797,398.93227267046797,2705026
2016/12/18,399.43227267046797,399.43227267046797,398.43227267046797,398.93227267046797,2705026
2016/12/19,399.43227267046797,399.43227267046797,398.43227267046797,398.93227267046797,2705026
2016/12/20,399.43227267046797,399.43227267046797,398.43227267046797,398.93227267046797,2705026
2016/12/21,399.43227267046797,399.43227267046797,398.43227267046797,398.93227267046797,2705026
2016/12/22,399.391093538224,399.391093538224,398.391093538224,398.891093538224,2697026
2016/12/23,400.21578716352883,400.21578716352883,399.21578716352883,399.71578716352883,2708026
2016/12/24,400.21578716352883,400.21578716352883,399.21578716352883,399.71578716352883,2708026
2016/12/25,400.21578716352883,400.21578716352883,399.21578716352883,399.71578716352883,2708026
2016/12/26,400.21578716352883,400.21578716352883,399.21578716352883,399.71578716352883,2708026
2016/12/27,399.5111035716829,399.5111035716829,398.5111035716829,399.0111035716829,2695026
2016/12/28,399.4496494959418,399.4496494959418,398.4496494959418,398.9496494959418,2664026
2016/12/29,399.5386317007088,399.5386317007088,398.5386317007088,399.0386317007088,2675026
2016/12/30,399.5386317007088,399.5386317007088,398.5386317007088,399.0386317007088,2675026
2016/12/31,399.3209814369242,399.3209814369242,398.3209814369242,398.8209814369242,2627026
2017/01/01,399.3209814369242,399.3209814369242,398.3209814369242,398.8209814369242,2627026
2017/01/02,399.3209814369242,399.3209814369242,398.3209814369242,398.8209814369242,2627026
2017/01/03,399.3209814369242,399.3209814369242,398.3209814369242,398.8209814369242,2627026
2017/01/04,399.3209814369242,399.3209814369242,398.3209814369242,398.8209814369242,2627026
2017/01/05,398.8659885406962,398.8659885406962,397.8659885406962,398.3659885406962,2419026
2017/01/06,398.99105677250475,398.99105677250475,397.99105677250475,398.49105677250475,2425026
2017/01/07,400.06468588894865,400.06468588894865,399.06468588894865,399.56468588894865,2451026
2017/01/08,400.06468588894865,400.06468588894865,399.06468588894865,399.56468588894865,2451026
2017/01/09,400.06468588894865,400.06468588894865,399.06468588894865,399.56468588894865,2451026
2017/01/10,399.7813828120161,399.7813828120161,398.7813828120161,399.2813828120161,2395026
2017/01/11,399.7813828120161,399.7813828120161,398.7813828120161,399.2813828120161,2395026
2017/01/12,399.7019524557368,399.7019524557368,398.7019524557368,399.2019524557368,2378026
2017/01/13,399.7019524557368,399.7019524557368,398.7019524557368,399.2019524557368,2378026
2017/01/14,399.7019524557368,399.7019524557368,398.7019524557368,399.2019524557368,2378026
2017/01/15,399.7019524557368,399.7019524557368,398.7019524557368,399.2019524557368,2378026
2017/01/16,399.7019524557368,399.7019524557368,398.7019524557368,399.2019524557368,2378026
2017/01/17,399.7019524557368,399.7019524557368,398.7019524557368,399.2019524557368,2378026
2017/01/18,399.7019524557368,399.7019524557368,398.7019524557368,399.2019524557368,2378026
2017/01/19,399.7085049763066,399.7085049763066,398.7085049763066,399.2085049763066,2369026
2017/01/20,399.51149768886273,399.51149768886273,398.51149768886273,399.01149768886273,2328026
2017/01/21,399.4667018391423,399.4667018391423,398.4667018391423,398.9667018391423,2294026
2017/01/22,399.4667018391423,399.4667018391423,398.4667018391423,398.9667018391423,2294026
2017/01/23,399.4667018391423,399.4667018391423,398.4667018391423,398.9667018391423,2294026
2017/01/24,399.2723939996061,399.2723939996061,398.2723939996061,398.7723939996061,2242002
2017/01/25,399.0724962725111,399.0724962725111,398.0724962725111,398.5724962725111,2161002
2017/01/26,399.0724962725111,399.0724962725111,398.0724962725111,398.5724962725111,2161002
2017/01/27,399.0724962725111,399.0724962725111,398.0724962725111,398.5724962725111,2161002
2017/01/28,399.0724962725111,399.0724962725111,398.0724962725111,398.5724962725111,2161002
2017/01/29,399.0724962725111,399.0724962725111,398.0724962725111,398.5724962725111,2161002
2017/01/30,399.0724962725111,399.0724962725111,398.0724962725111,398.5724962725111,2161002
2017/01/31,399.0724962725111,399.0724962725111,398.0724962725111,398.5724962725111,2161002
2017/02/01,399.0724962725111,399.0724962725111,398.0724962725111,398.5724962725111,2161002
2017/02/02,399.0724962725111,399.0724962725111,398.0724962725111,398.5724962725111,2161002
2017/02/03,398.95780790134916,398.95780790134916,397.95780790134916,398.45780790134916,2093002
2017/02/04,399.03276599635177,399.03276599635177,398.03276599635177,398.53276599635177,2100002
2017/02/05,399.03276599635177,399.03276599635177,398.03276599635177,398.53276599635177,2100002
2017/02/06,399.03276599635177,399.03276599635177,398.03276599635177,398.53276599635177,2100002
2017/02/07,399.03276599635177,399.03276599635177,398.03276599635177,398.53276599635177,2100002
2017/02/08,399.01444263301704,399.01444263301704,398.01444263301704,398.51444263301704,2042002
2017/02/09,399.075417034128,399.075417034128,398.075417034128,398.575417034128,2024036
2017/02/10,399.3443228854151,399.3443228854151,398.3443228854151,398.8443228854151,2050036
2017/02/11,400.09034665402584,400.09034665402584,399.09034665402584,399.59034665402584,2104036
2017/02/12,400.09034665402584,400.09034665402584,399.09034665402584,399.59034665402584,2104036
2017/02/13,400.09034665402584,400.09034665402584,399.09034665402584,399.59034665402584,2104036
2017/02/14,403.338856138675,403.338856138675,402.338856138675,402.838856138675,2118036
2017/02/15,406.720548568444,406.720548568444,405.720548568444,406.220548568444,1901036
2017/02/16,409.33551442101145,409.33551442101145,408.33551442101145,408.83551442101145,1722036
2017/02/17,411.7889204560809,411.7889204560809,410.7889204560809,411.2889204560809,1642036
2017/02/18,413.3709472010321,413.3709472010321,412.3709472010321,412.8709472010321,1629036
2017/02/19,413.3709472010321,413.3709472010321,412.3709472010321,412.8709472010321,1629036
2017/02/20,413.3709472010321,413.3709472010321,412.3709472010321,412.8709472010321,1629036
2017/02/21,413.8318646616965,413.8318646616965,412.8318646616965,413.3318646616965,1562036
2017/02/22,416.45736648272475,416.45736648272475,415.45736648272475,415.95736648272475,1605036
2017/02/23,424.66121966478363,424.66121966478363,423.66121966478363,424.16121966478363,1535213
2017/02/24,428.9825431684857,428.9825431684857,427.9825431684857,428.4825431684857,1462213
2017/02/25,432.26266306841046,432.26266306841046,431.26266306841046,431.76266306841046,1421213
2017/02/26,432.26266306841046,432.26266306841046,431.26266306841046,431.76266306841046,1421213
2017/02/27,432.26266306841046,432.26266306841046,431.26266306841046,431.76266306841046,1421213
2017/02/28,432.26266306841046,432.26266306841046,431.26266306841046,431.76266306841046,1421213
2017/03/01,432.26266306841046,432.26266306841046,431.26266306841046,431.76266306841046,1421213
2017/03/02,434.8735851435868,434.8735851435868,433.8735851435868,434.3735851435868,1305213
2017/03/03,435.2669972216045,435.2669972216045,434.2669972216045,434.7669972216045,1287213
2017/03/04,433.08558854365106,433.08558854365106,432.08558854365106,432.58558854365106,1366213
2017/03/05,433.08558854365106,433.08558854365106,432.08558854365106,432.58558854365106,1366213
2017/03/06,433.08558854365106,433.08558854365106,432.08558854365106,432.58558854365106,1366213
2017/03/07,433.59753357030405,433.59753357030405,432.59753357030405,433.09753357030405,1392213
2017/03/08,441.7268499695609,441.7268499695609,440.7268499695609,441.2268499695609,1199213
2017/03/09,448.7557590097094,448.7557590097094,447.7557590097094,448.2557590097094,1068913
2017/03/10,449.77969189422663,449.77969189422663,448.77969189422663,449.27969189422663,1070913
2017/03/11,448.96181485823456,448.96181485823456,447.96181485823456,448.46181485823456,1076913
2017/03/12,448.96181485823456,448.96181485823456,447.96181485823456,448.46181485823456,1076913
2017/03/13,448.96181485823456,448.96181485823456,447.96181485823456,448.46181485823456,1076913
2017/03/14,451.5632493857354,451.5632493857354,450.5632493857354,451.0632493857354,946913
2017/03/15,452.44245600938575,452.44245600938575,451.44245600938575,451.94245600938575,931913
2017/03/16,454.0627732525676,454.0627732525676,453.0627732525676,453.5627732525676,624913
2017/03/17,453.2203049850975,453.2203049850975,452.2203049850975,452.7203049850975,621913
2017/03/18,455.63024881761834,455.63024881761834,454.63024881761834,455.13024881761834,551913
2017/03/19,455.63024881761834,455.63024881761834,454.63024881761834,455.13024881761834,551913
2017/03/20,455.63024881761834,455.63024881761834,454.63024881761834,455.13024881761834,551913
2017/03/21,470.8083020298726,470.8083020298726,469.8083020298726,470.3083020298726,381913
2017/03/22,486.2140718611374,486.2140718611374,485.2140718611374,485.7140718611374,265913
2017/03/23,505.44746628927726,505.44746628927726,503.44746628927726,504.44746628927726,143913
2017/03/24,505.44746628927726,505.44746628927726,503.44746628927726,504.44746628927726,143913
2017/03/25,499.5904213559018,499.5904213559018,498.5904213559018,499.0904213559018,171913
2017/03/26,499.5904213559018,499.5904213559018,498.5904213559018,499.0904213559018,171913
2017/03/27,499.5904213559018,499.5904213559018,498.5904213559018,499.0904213559018,171913
2017/03/28,519.7563272212681,519.7563272212681,517.7563272212681,518.7563272212681,296913
2017/03/29,517.0328849443769,517.0328849443769,515.0328849443769,516.0328849443769,352913
2017/03/30,516.4306165512818,516.4306165512818,514.4306165512818,515.4306165512818,327913
2017/03/31,527.623593035625,527.623593035625,525.623593035625,526.623593035625,267913
2017/04/01,527.9047394756642,527.9047394756642,525.9047394756642,526.9047394756642,298913
2017/04/02,527.9047394756642,527.9047394756642,525.9047394756642,526.9047394756642,298913
2017/04/03,527.9047394756642,527.9047394756642,525.9047394756642,526.9047394756642,298913
2017/04/04,527.9047394756642,527.9047394756642,525.9047394756642,526.9047394756642,298913
2017/04/05,527.9047394756642,527.9047394756642,525.9047394756642,526.9047394756642,298913
2017/04/06,530.2676573257465,530.2676573257465,528.2676573257465,529.2676573257465,288913
2017/04/07,533.5993464015908,533.5993464015908,531.5993464015908,532.5993464015908,263913
2017/04/08,533.3527926468154,533.3527926468154,531.3527926468154,532.3527926468154,269913
2017/04/09,533.3527926468154,533.3527926468154,531.3527926468154,532.3527926468154,269913
2017/04/10,533.3527926468154,533.3527926468154,531.3527926468154,532.3527926468154,269913
2017/04/11,525.3026459432741,525.3026459432741,523.3026459432741,524.3026459432741,285913
2017/04/12,526.9201825586764,526.9201825586764,524.9201825586764,525.9201825586764,279913
2017/04/13,522.9844682553711,522.9844682553711,520.9844682553711,521.9844682553711,305913
2017/04/14,526.2192667736186,526.2192667736186,524.2192667736186,525.2192667736186,314913
2017/04/15,528.959991888867,528.959991888867,526.959991888867,527.959991888867,294913
2017/04/16,528.959991888867,528.959991888867,526.959991888867,527.959991888867,294913
2017/04/17,528.959991888867,528.959991888867,526.959991888867,527.959991888867,294913
2017/04/18,528.959991888867,528.959991888867,526.959991888867,527.959991888867,294913
2017/04/19,528.959991888867,528.959991888867,526.959991888867,527.959991888867,294913
2017/04/20,529.428968201192,529.428968201192,527.428968201192,528.428968201192,242913
2017/04/21,529.428968201192,529.428968201192,527.428968201192,528.428968201192,242913
2017/04/22,530.5352618694052,530.5352618694052,528.5352618694052,529.5352618694052,230913
2017/04/23,530.5352618694052,530.5352618694052,528.5352618694052,529.5352618694052,230913
2017/04/24,530.5352618694052,530.5352618694052,528.5352618694052,529.5352618694052,230913
2017/04/25,530.5352618694052,530.5352618694052,528.5352618694052,529.5352618694052,230913
2017/04/26,537.0478740300454,537.0478740300454,535.0478740300454,536.0478740300454,191905
2017/04/27,540.7294765337949,540.7294765337949,538.7294765337949,539.7294765337949,173905
2017/04/28,525.7635924598848,527.7635924598848,525.7635924598848,526.7635924598848,15095
2017/04/29,537.2829271100485,539.2829271100485,537.2829271100485,538.2829271100485,310073
2017/04/30,537.2829271100485,539.2829271100485,537.2829271100485,538.2829271100485,310073
2017/05/01,537.2829271100485,539.2829271100485,537.2829271100485,538.2829271100485,310073
2017/05/02,537.2829271100485,539.2829271100485,537.2829271100485,538.2829271100485,310073
2017/05/03,531.2979021204501,533.2979021204501,531.2979021204501,532.2979021204501,398073
2017/05/04,532.2162785688963,534.2162785688963,532.2162785688963,533.2162785688963,614073
2017/05/05,532.2162785688963,534.2162785688963,532.2162785688963,533.2162785688963,614073
2017/05/06,527.944947723674,529.944947723674,527.944947723674,528.944947723674,681073
2017/05/07,527.944947723674,529.944947723674,527.944947723674,528.944947723674,681073
2017/05/08,527.944947723674,529.944947723674,527.944947723674,528.944947723674,681073
2017/05/09,526.8451481048162,528.8451481048162,526.8451481048162,527.8451481048162,697073
2017/05/10,526.8451481048162,528.8451481048162,526.8451481048162,527.8451481048162,697073
2017/05/11,526.8451481048162,528.8451481048162,526.8451481048162,527.8451481048162,697073
2017/05/12,517.7465468992294,519.7465468992294,517.7465468992294,518.7465468992294,862073
2017/05/13,513.9753135667518,515.9753135667518,513.9753135667518,514.9753135667518,972073
2017/05/14,513.9753135667518,515.9753135667518,513.9753135667518,514.9753135667518,972073
2017/05/15,513.9753135667518,515.9753135667518,513.9753135667518,514.9753135667518,972073
2017/05/16,513.9753135667518,515.9753135667518,513.9753135667518,514.9753135667518,972073
2017/05/17,509.96037462549276,511.96037462549276,509.96037462549276,510.96037462549276,1123073
2017/05/18,509.96037462549276,511.96037462549276,509.96037462549276,510.96037462549276,1123073
2017/05/19,509.6457307203119,511.6457307203119,509.6457307203119,510.6457307203119,1134073
2017/05/20,507.64897507835354,509.64897507835354,507.64897507835354,508.64897507835354,1195073
2017/05/21,507.64897507835354,509.64897507835354,507.64897507835354,508.64897507835354,1195073
2017/05/22,507.64897507835354,509.64897507835354,507.64897507835354,508.64897507835354,1195073
2017/05/23,506.44401219119305,508.44401219119305,506.44401219119305,507.44401219119305,1277073
2017/05/24,506.19939398707857,508.19939398707857,506.19939398707857,507.19939398707857,1272073
2017/05/25,506.19939398707857,508.19939398707857,506.19939398707857,507.19939398707857,1272073
2017/05/26,509.0223238755466,511.0223238755466,509.0223238755466,510.0223238755466,1206073
2017/05/27,514.486704347205,516.486704347205,514.486704347205,515.486704347205,1185073
2017/05/28,514.486704347205,516.486704347205,514.486704347205,515.486704347205,1185073
2017/05/29,514.486704347205,516.486704347205,514.486704347205,515.486704347205,1185073
2017/05/30,514.486704347205,516.486704347205,514.486704347205,515.486704347205,1185073
2017/05/31,514.486704347205,516.486704347205,514.486704347205,515.486704347205,1185073
2017/06/01,515.4692954169162,517.4692954169162,515.4692954169162,516.4692954169162,1156073
2017/06/02,515.9641551051143,517.9641551051143,515.9641551051143,516.9641551051143,1140073
2017/06/03,515.9641551051143,517.9641551051143,515.9641551051143,516.9641551051143,1140073
2017/06/04,515.9641551051143,517.9641551051143,515.9641551051143,516.9641551051143,1140073
2017/06/05,515.9641551051143,517.9641551051143,515.9641551051143,516.9641551051143,1140073
2017/06/06,515.9641551051143,517.9641551051143,515.9641551051143,516.9641551051143,1140073
2017/06/07,515.9641551051143,517.9641551051143,515.9641551051143,516.9641551051143,1140073
2017/06/08,517.0612453936498,519.0612453936498,517.0612453936498,518.0612453936498,1116073
2017/06/09,517.0612453936498,519.0612453936498,517.0612453936498,518.0612453936498,1116073
2017/06/10,517.4351308091354,519.4351308091354,517.4351308091354,518.4351308091354,1104073
2017/06/11,517.4351308091354,519.4351308091354,517.4351308091354,518.4351308091354,1104073
2017/06/12,517.4351308091354,519.4351308091354,517.4351308091354,518.4351308091354,1104073
2017/06/13,519.0490483097187,521.0490483097187,519.0490483097187,520.0490483097187,1066073
2017/06/14,519.0490483097187,521.0490483097187,519.0490483097187,520.0490483097187,1066073
2017/06/15,519.0490483097187,521.0490483097187,519.0490483097187,520.0490483097187,1066073
2017/06/16,519.0490483097187,521.0490483097187,519.0490483097187,520.0490483097187,1066073
2017/06/17,520.148945182651,522.148945182651,520.148945182651,521.148945182651,1020073
2017/06/18,520.148945182651,522.148945182651,520.148945182651,521.148945182651,1020073
2017/06/19,520.148945182651,522.148945182651,520.148945182651,521.148945182651,1020073
2017/06/20,519.7226176887682,521.7226176887682,519.7226176887682,520.7226176887682,1049073
2017/06/21,519.1195176014166,521.1195176014166,519.1195176014166,520.1195176014166,1078073
2017/06/22,518.7970753336377,520.7970753336377,518.7970753336377,519.7970753336377,1106073
2017/06/23,519.6611073511734,521.6611073511734,519.6611073511734,520.6611073511734,1016073
2017/06/24,519.6611073511734,521.6611073511734,519.6611073511734,520.6611073511734,1016073
2017/06/25,519.6611073511734,521.6611073511734,519.6611073511734,520.6611073511734,1016073
2017/06/26,519.6611073511734,521.6611073511734,519.6611073511734,520.6611073511734,1016073
2017/06/27,519.6611073511734,521.6611073511734,519.6611073511734,520.6611073511734,1016073
2017/06/28,522.8109636901108,524.8109636901108,522.8109636901108,523.8109636901108,1074073
2017/06/29,526.8776911893393,528.8776911893393,526.8776911893393,527.8776911893393,1127073
2017/06/30,527.6592413841488,529.6592413841488,527.6592413841488,528.6592413841488,1105073
2017/07/01,526.2745610972285,528.2745610972285,526.2745610972285,527.2745610972285,1089073
2017/07/02,526.2745610972285,528.2745610972285,526.2745610972285,527.2745610972285,1089073
2017/07/03,526.2745610972285,528.2745610972285,526.2745610972285,527.2745610972285,1089073
2017/07/04,529.3719476731262,531.3719476731262,529.3719476731262,530.3719476731262,1008073
2017/07/05,531.908987972505,533.908987972505,531.908987972505,532.908987972505,937073
2017/07/06,533.1279802617657,535.1279802617657,533.1279802617657,534.1279802617657,908073
2017/07/07,534.6850107088726,536.6850107088726,534.6850107088726,535.6850107088726,918073
2017/07/08,534.887313159118,536.887313159118,534.887313159118,535.887313159118,900073
2017/07/09,534.887313159118,536.887313159118,534.887313159118,535.887313159118,900073
2017/07/10,534.887313159118,536.887313159118,534.887313159118,535.887313159118,900073
2017/07/11,536.1783308480896,538.1783308480896,536.1783308480896,537.1783308480896,868184
2017/07/12,536.1783308480896,538.1783308480896,536.1783308480896,537.1783308480896,868184
2017/07/13,536.1783308480896,538.1783308480896,536.1783308480896,537.1783308480896,868184
2017/07/14,539.4000774233742,541.4000774233742,539.4000774233742,540.4000774233742,926184
2017/07/15,539.5068034515252,541.5068034515252,539.5068034515252,540.5068034515252,921184
2017/07/16,539.5068034515252,541.5068034515252,539.5068034515252,540.5068034515252,921184
2017/07/17,539.5068034515252,541.5068034515252,539.5068034515252,540.5068034515252,921184
2017/07/18,540.5763532057501,542.5763532057501,540.5763532057501,541.5763532057501,935197
2017/07/19,540.5763532057501,542.5763532057501,540.5763532057501,541.5763532057501,935197
2017/07/20,541.5203425809738,543.5203425809738,541.5203425809738,542.5203425809738,957697
2017/07/21,543.001123098661,545.001123098661,543.001123098661,544.001123098661,926697
2017/07/22,543.001123098661,545.001123098661,543.001123098661,544.001123098661,926697
2017/07/23,543.001123098661,545.001123098661,543.001123098661,544.001123098661,926697
2017/07/24,543.001123098661,545.001123098661,543.001123098661,544.001123098661,926697
2017/07/25,545.47767753656,547.47767753656,545.47767753656,546.47767753656,882697
2017/07/26,545.47767753656,547.47767753656,545.47767753656,546.47767753656,882697
2017/07/27,546.9989623736456,548.9989623736456,546.9989623736456,547.9989623736456,821697
2017/07/28,549.6910449455733,551.6910449455733,549.6910449455733,550.6910449455733,799697
2017/07/29,549.6910449455733,551.6910449455733,549.6910449455733,550.6910449455733,799697
2017/07/30,549.6910449455733,551.6910449455733,549.6910449455733,550.6910449455733,799697
2017/07/31,549.6910449455733,551.6910449455733,549.6910449455733,550.6910449455733,799697
2017/08/01,549.6910449455733,551.6910449455733,549.6910449455733,550.6910449455733,799697
2017/08/02,551.9692955445194,553.9692955445194,551.9692955445194,552.9692955445194,759697
2017/08/03,553.1227519380141,555.1227519380141,553.1227519380141,554.1227519380141,853697
2017/08/04,554.3563689160958,556.3563689160958,554.3563689160958,555.3563689160958,819697
2017/08/05,554.5923265119105,556.5923265119105,554.5923265119105,555.5923265119105,783697
2017/08/06,554.5923265119105,556.5923265119105,554.5923265119105,555.5923265119105,783697
2017/08/07,554.5923265119105,556.5923265119105,554.5923265119105,555.5923265119105,783697
2017/08/08,554.8878773036404,556.8878773036404,554.8878773036404,555.8878773036404,771697
2017/08/09,555.2995143406695,557.2995143406695,555.2995143406695,556.2995143406695,749697
2017/08/10,555.1223382021816,557.1223382021816,555.1223382021816,556.1223382021816,728697
2017/08/11,555.7155308135958,557.7155308135958,555.7155308135958,556.7155308135958,676668
2017/08/12,555.954251902515,557.954251902515,555.954251902515,556.954251902515,668668
2017/08/13,555.954251902515,557.954251902515,555.954251902515,556.954251902515,668668
2017/08/14,555.954251902515,557.954251902515,555.954251902515,556.954251902515,668668
2017/08/15,557.2448375484372,559.2448375484372,557.2448375484372,558.2448375484372,649668
2017/08/16,558.3774001357033,560.3774001357033,558.3774001357033,559.3774001357033,433668
2017/08/17,558.3774001357033,560.3774001357033,558.3774001357033,559.3774001357033,433668
2017/08/18,558.3774001357033,560.3774001357033,558.3774001357033,559.3774001357033,433668
2017/08/19,560.186370338917,562.186370338917,560.186370338917,561.186370338917,400668
2017/08/20,560.186370338917,562.186370338917,560.186370338917,561.186370338917,400668
2017/08/21,560.186370338917,562.186370338917,560.186370338917,561.186370338917,400668
2017/08/22,560.4919036111105,562.4919036111105,560.4919036111105,561.4919036111105,375668
2017/08/23,560.4919036111105,562.4919036111105,560.4919036111105,561.4919036111105,375668
2017/08/24,560.4919036111105,562.4919036111105,560.4919036111105,561.4919036111105,375668
2017/08/25,563.1621614285169,565.1621614285169,563.1621614285169,564.1621614285169,324668
2017/08/26,560.2467827083858,562.2467827083858,560.2467827083858,561.2467827083858,325668
2017/08/27,560.2467827083858,562.2467827083858,560.2467827083858,561.2467827083858,325668
2017/08/28,560.2467827083858,562.2467827083858,560.2467827083858,561.2467827083858,325668
2017/08/29,567.2354444995628,569.2354444995628,567.2354444995628,568.2354444995628,323068
2017/08/30,569.9692686152911,571.9692686152911,569.9692686152911,570.9692686152911,293068
2017/08/31,569.9692686152911,571.9692686152911,569.9692686152911,570.9692686152911,293068
